BIN1,Family,BINOMIAL,log_area,mid_latitude,No_habitats,Offspring_year,logSVL,Years_descrip,Altitude_AAD,Altitude_mean,Temp_AAD,Temp_mean,Precip_AAD,Precip_mean,median ecoregion size,mean ecoregion size,max ecoregion size,no_ecoregions,In_phylogeny
Acanthophis rugosus,Elapidae,Acanthophis_rugosus,11.27981996,-5,2,NA,7.003065459,66,601.2924291,569.9454467,29.62598482,239.6924399,73.3605191,254.1551403,51871,67675.41667,171230,12,Yes
Achalinus ater,Xenodermatidae,Achalinus_ater,12.21147304,25,4,NA,3.912023005,77,179.0822997,748.8893617,58.92274735,174.5900709,65.50241286,111.1553191,254493,348750.5,662292,4,Yes
Achalinus jinggangensis,Xenodermatidae,Achalinus_jinggangensis,4.575877277,27,1,NA,3.912023005,31,215.25,868.5,66.875,147.2916667,58.88888889,142.3333333,662292,662292,662292,1,Yes
Adelphicos quadrivirgatum,Dipsadidae,Adelphicos_quadrivirgatum,11.37472372,22,1,NA,3.688879454,152,412.0934064,581.8575851,29.16984994,230.1949174,79.00665899,125.6727296,62247,61410.84211,148595,19,Yes
Adelphicos visoninum,Dipsadidae,Adelphicos_visoninum,9.822380529,18,5,NA,3.688879454,72,350.6311111,333.5666667,25.43611883,249.8138889,92.46150077,165.6347222,21905.5,39764.7,148595,10,No
Aeluroglena cucullata,Colubridae,Aeluroglena_cucullata,11.24775089,9,1,NA,5.926926026,116,254.1348911,934.4170404,23.76408719,236.9637519,18.10585149,20.65171898,200129,377983.5,1049301,4,Yes
Afronatrix anoscopus,Natricidae,Afronatrix_anoscopus,14.57988944,8,8,NA,6.620073207,153,212.2186823,321.3476686,15.81977937,260.1206679,94.7153965,127.3275047,59441.5,414400.1,3042451,20,Yes
Afrotyphlops blanfordii,Typhlopidae,Typhlops_blanfordii,13.01414991,10,NA,NA,NA,125,396.932585,1909.671631,26.28309096,190.7070613,70.83629491,91.52060065,247734,810730,3042451,7,Yes
Afrotyphlops gierrai,Typhlopidae,Afrotyphlops_gierrai,7.74883532,-5,1,NA,NA,117,267.46875,1191.625,23.30295139,194.4583333,46.36848958,87.03125,169460.5,211122.5,482013,4,Yes
Agkistrodon contortrix,Viperidae,Agkistrodon_contortrix,14.6553478,35,3,2.65,6.43775165,248,157.2965944,251.7399855,73.99402845,149.2986446,22.89972744,94.44069739,141014,181160.9615,508892,26,Yes
Agkistrodon taylori,Viperidae,Agkistrodon_taylori,11.17893272,23,4,8,6.866933284,63,247.924583,311.9646018,38.68711115,233.2927729,53.37002457,77.96718289,67221,73923.83333,141231,6,Yes
Ahaetulla prasina,Colubridae,Ahaetulla_prasina,15.01616185,17,11,NA,7.585788822,187,326.8869091,369.4749316,28.0560947,245.1377083,105.4856411,178.3443428,39281,85213.6,662292,75,Yes
Alsophis sanctonum,Dipsadidae,Alsophis_sanctonum,2.829671727,16,3,NA,6.802394763,99,0,136,8.958333333,251.75,47.16666667,143.1666667,3118,3118,3118,1,Yes
Amblyodipsas concolor,Atractaspididae,Amblyodipsas_concolor,11.79185182,-26,1,NA,5.857933154,165,384.6190373,960.3953488,30.98504747,183.0147287,43.8499535,68.52887597,185863,161842,471874,7,Yes
Amblyodipsas microphthalma,Atractaspididae,Amblyodipsas_microphthalma,11.73925593,-24,3,NA,5.768320996,162,171.4564089,214.713217,27.31266389,229.9201995,34.21151178,53.18412303,146463,169688.2222,471874,9,Yes
Amblyodipsas rodhaini,Atractaspididae,Amblyodipsas_rodhaini,11.68447252,-9,NA,NA,NA,84,170.3557916,1003.153409,11.94910038,227.6515152,77.82379672,100.8804451,873253,873253,1179319,2,Yes
Amblyodipsas teitana,Atractaspididae,Amblyodipsas_teitana,4.02312244,-3,1,NA,NA,43,98.5,912.5,13.81944444,227.0833333,51.45833333,75.25,174019,174019,324482,2,Yes
Amblyodipsas ventrimaculata,Atractaspididae,Amblyodipsas_ventrimaculata,13.66325525,-21,1,NA,5.926926026,107,142.9997025,1124.561777,35.79196969,209.383632,32.43918537,36.19848824,223722,242939,586846,12,Yes
Amphiesma flavifrons,Natricidae,Amphiesma_flavifrons,12.04707691,3,3,NA,6.620073207,127,242.6327955,264.6452251,12.95331365,254.6334323,60.53005187,251.4571582,56742.5,115844.8333,425583,6,Yes
Amphiesma groundwateri,Natricidae,Amphiesma_groundwateri,9.099761844,10,2,NA,6.040254711,92,88.14876033,182.1363636,8.599718779,259.094697,131.0385675,219.1818182,59084,59084,96930,2,Yes
Amphiesma inas,Natricidae,Amphiesma_inas,10.0024818,3,1,NA,6.802394763,113,182.8571429,800.8571429,11.98646397,224.3979592,62.33753297,226.744898,98781,118236.75,258288,4,Yes
Amphiesma popei,Natricidae,Amphiesma_popei,13.21605224,23,2,NA,NA,89,315.1540315,455.3573009,53.47334128,200.6535767,79.71322902,127.949115,239854,265297.7143,662292,7,Yes
Amphiesma sieboldii,Natricidae,Amphiesma_sieboldii,11.26832463,29,2,NA,NA,154,668.0127396,1502.217054,55.41714365,173.3391473,114.1120597,123.2835917,73107.5,121631.1667,487535,12,Yes
Anoplohydrus aemulans,Natricidae,Anoplohydrus_aemulans,4.241359788,3,1,NA,NA,105,0,61,3.333333333,265.6666667,52.05555556,256.3333333,258288,258288,258288,1,Yes
Aparallactus capensis,Atractaspididae,Aparallactus_capensis,14.41813657,-20,6,NA,5.579729826,165,451.1479881,848.4092259,39.85310368,205.4894869,53.94760123,67.35002039,65199,173438.8,1179319,35,Yes
Aparallactus lineatus,Atractaspididae,Aparallactus_lineatus,14.06790218,8,1,NA,NA,144,82.81104615,161.639478,9.008583879,259.2918706,89.23925829,168.2184611,109909.5,191509.1667,670796,6,Yes
Aplopeltura boa,Pareatidae,Aplopeltura_boa,14.56097026,4,4,NA,6.733401892,186,259.2711944,272.4589235,14.8595879,255.0466163,74.02143343,228.7044224,26762,63237.27273,425583,33,Yes
Apostolepis goiasensis,Dipsadidae,Apostolepis_goiasensis,6.875488242,-18,6,NA,5.934894196,72,27.5,513.5,11.34375,245.4583333,84.83333333,117.9166667,1910038,1910038,1910038,1,Yes
Apostolepis multicincta,Dipsadidae,Apostolepis_multicincta,9.80313669,-18,2,NA,5.80814249,15,364.5733882,1493.703704,22.77213363,195.1342593,45.40316358,73.11574074,82689.5,256237.25,786790,4,Yes
Apostolepis phillipsae,Dipsadidae,Apostolepis_phillipsae,10.63563429,-15,1,NA,5.993961427,15,78.62585034,304.7619048,14.32294816,238.9318783,64.81087106,106.7592593,473224.5,756747,1910038,4,Yes
Apostolepis polylepis,Dipsadidae,Apostolepis_polylepis,4.983455925,-10,2,NA,NA,93,95.5,449.5,7.2578125,253.3125,87.83333333,115.5,1910038,1910038,1910038,1,Yes
Arrhyton taeniatum,Dipsadidae,Arrhyton_taeniatum,10.72152803,22,5,NA,6.104793232,156,102.6391781,126.6734694,17.70699644,248.1048753,57.11265432,111.9971655,17859,22769.2,65745,5,Yes
Aspidura copei,Natricidae,Aspidura_copei,8.625792873,7,4,NA,NA,150,457.0493827,681.4444444,26.37757202,233.3518519,96.38635974,259.3842593,12500,21259.66667,48213,3,Yes
Atheris barbouri,Viperidae,Atheris_barbouri,9.83865032,-9,2,NA,5.991464547,84,185.0344828,1814.413793,18.29911481,174.3505747,89.09357247,96.22988506,152878,315721,1179319,7,Yes
Atheris ceratophora,Viperidae,Atheris_ceratophora,9.626508003,-8,1,NA,6.126869184,119,239.6890496,1588.113636,16.83908689,186.0094697,68.46997676,79.66477273,152878,199473.6,482013,5,Yes
Atheris chlorechis,Viperidae,Atheris_chlorechis,14.02915312,7,1,NA,NA,163,118.7650926,201.5540897,10.78575242,260.0230871,115.8414135,180.7562298,188895,397273.5714,1631860,7,Yes
Atheris hirsuta,Viperidae,Atheris_hirsuta,8.368370602,6,1,NA,6.173786104,12,12,183,7.143229167,258.0625,59.80381944,145.7083333,204226,204226,204226,1,Yes
Atractaspis irregularis,Atractaspididae,Atractaspis_irregularis,15.59294795,3,6,NA,6.492239835,171,354.3403148,630.0584856,18.65337444,244.1813359,73.37522168,126.315126,152701,344009.2273,3042451,44,Yes
Atractaspis reticulata,Atractaspididae,Atractaspis_reticulata,14.66281128,-1,NA,NA,NA,118,153.8785666,504.2892732,9.189033579,244.4721449,57.66185258,143.161843,188821,363559.4737,1631860,19,Yes
Atractus albuquerquei,Dipsadidae,Atractus_albuquerquei,14.84222576,-10,3,NA,6.551080335,31,126.6684191,278.6394999,10.63179145,252.8835397,101.2848889,161.4720519,229767,427454.6923,1910038,13,Yes
Atractus biseriatus,Dipsadidae,Atractus_biseriatus,5.406431632,5,1,NA,NA,73,0,1405,2.513888889,206.4166667,42.81944444,186.4166667,31915,31915,31915,1,Yes
Atractus bocourti,Dipsadidae,Atractus_bocourti,11.96261796,-6,1,NA,NA,120,669.713804,3379.353201,37.45995275,93.8651582,45.3644887,78.01140545,91434,92694.41667,211478,12,Yes
Atractus crassicaudatus,Dipsadidae,Atractus_crassicaudatus,10.56299524,5,3,3,5.703782475,160,476.5290379,2596.273504,30.27860975,135.9245014,62.15098498,129.2749288,48693.5,55383.5,104598,4,Yes
Atractus duidensis,Dipsadidae,Atractus_duidensis,10.54747865,4,2,NA,NA,53,360.5255102,635.7142857,22.29730681,241.0290179,113.3701039,246.9776786,145963,144678.4,229836,5,Yes
Atractus limitaneus,Dipsadidae,Atractus_limitaneus,11.45277307,-1,1,NA,NA,79,24.66045074,148.9051095,4.833095056,261.0608273,40.57577877,246.4635036,176760,175683,183358,3,Yes
Atractus major,Dipsadidae,Atractus_major,15.37413717,-6,7,NA,6.747586527,120,697.3519195,581.5977602,34.6347052,239.4032444,84.69995602,181.0551573,104554,192943.1905,1910038,42,Yes
Atractus modestus,Dipsadidae,Atractus_modestus,9.443560979,-1,1,NA,5.793013608,120,448.3611111,3156.583333,27.21748543,105.1087963,36.68098422,91.50462963,80806,70892.66667,102062,3,Yes
Atractus nicefori,Dipsadidae,Atractus_nicefori,8.751205432,6,1,NA,5.521460918,84,390.5927978,1724.421053,22.20302401,195.5657895,57.43859649,188.1403509,30862.5,43409,104598,4,Yes
Atractus obtusirostris,Dipsadidae,Atractus_obtusirostris,9.721827717,5,1,NA,5.929589143,98,856.0507497,1866.529412,53.30390021,179.5718954,51.20780469,159.6862745,29810,38637,104598,5,Yes
Atractus paravertebralis,Dipsadidae,Atractus_paravertebralis,3.811276252,-13,NA,NA,6.109247583,23,6,221,9.25,253.625,93.23611111,193.8333333,746653,746653,746653,1,Yes
Atractus pauciscutatus,Dipsadidae,Atractus_pauciscutatus,4.385858011,-11,NA,NA,5.768320996,71,0,3936,6.819444444,66.58333333,34.16666667,65,151454.5,151454.5,185961,2,Yes
Atractus poeppigi,Dipsadidae,Atractus_poeppigi,14.02218321,-2,1,2,5.521460918,152,45.88559499,115.7718177,5.135366843,261.5630211,58.1870851,232.7203539,180059,224754.8571,746653,14,Yes
Atractus roulei,Dipsadidae,Atractus_roulei,8.804871279,-2,5,NA,NA,104,549.5623269,2862.315789,26.98014774,121.3815789,42.29901508,76.31140351,80806,70892.66667,102062,3,Yes
Atractus snethlageae,Dipsadidae,Atractus_snethlageae,14.28021894,-5,1,NA,5.945420609,31,85.41945628,148.4985011,6.920953726,261.3824946,95.5238026,181.62202,217129.5,371659.4286,1910038,14,Yes
Atretium schistosum,Natricidae,Atretium_schistosum,13.53923386,21,8,NA,6.354370041,211,191.1202286,247.3344524,37.96922946,257.8077353,103.1210076,108.5966569,56989.5,107129.85,340171,20,Yes
Atropoides nummifer,Viperidae,Atropoides_nummifer,10.30605179,19,3,9,6.396929655,169,589.3520638,1214.247312,35.12096774,193.3629032,127.9518827,171.9139785,65496,60311.33333,148595,9,Yes
Austrotyphlops endoterus,Typhlopidae,Austrotyphlops_endoterus,14.26942291,-27,3,NA,5.991464547,96,171.2631364,253.959596,54.95676355,214.3609492,8.95192657,20.10381054,349243,387384.7,820767,10,Yes
Austrotyphlops hamatus,Typhlopidae,Austrotyphlops_hamatus,13.67500404,-24,3,NA,6.040254711,33,107.8038938,432.172973,53.98582484,238.6510811,11.98725851,20.44843844,281051,344327.5714,820767,7,Yes
Austrotyphlops kimberleyensis,Typhlopidae,Austrotyphlops_kimberleyensis,11.84800387,-15,3,NA,5.991464547,33,127.9989569,198.3761905,24.07363898,273.128373,89.21243528,89.16547619,252082.5,252082.5,346656,2,Yes
Austrotyphlops pilbarensis,Typhlopidae,Austrotyphlops_pilbarensis,10.84045698,-21,2,NA,5.891644212,21,125.394375,210.775,44.90500163,265.0869792,20.72891168,27.04427083,346656,448912,820767,3,Yes
Austrotyphlops proximus,Typhlopidae,Austrotyphlops_proximus,12.87507313,-31,2,13,6.620073207,121,48.31886681,142.3643877,53.36079414,189.0499624,7.900492936,30.55071375,297176,334271.3333,583394,6,Yes
Austrotyphlops waitii,Typhlopidae,Austrotyphlops_waitii,13.98986715,-28,3,NA,6.396929655,119,96.92190785,390.2614097,54.53521347,203.5209812,12.44205048,23.59489097,155524,216719.0769,820767,13,Yes
Balanophis ceylonensis,Natricidae,Balanophis_ceylonensis,9.79594694,7,2,NA,6.396929655,156,321.869898,375.9821429,18.65385842,250.5029762,91.38217474,225.6696429,12500,21259.66667,48213,3,Yes
Bitia hydroides,Homalopsidae,Bitia_hydroides,10.91699574,12,4,NA,6.075346031,172,24.21809,28.82418,,,,,163883.8,214678.72,460940.8,6,Yes
Bitis atropos,Viperidae,Bitis_atropos,11.58296446,-28,4,NA,5.991464547,256,286.5622586,491.680791,32.08143048,185.4329096,40.53991144,63.67914313,32744,120118.1538,471874,13,Yes
Bitis peringueyi,Viperidae,Bitis_peringueyi,10.6457725,-12,1,NA,5.703782475,126,129.909504,219.248,24.283872,235.0853333,34.39488356,33.27133333,74055,206569.8,657515,5,Yes
Boa constrictor,Boidae,Boa_constrictor,16.44844921,-8,10,20.65,8.006367568,256,204.2117666,294.951601,23.03716557,244.6749593,88.14954239,149.5822561,31915,109476.157,1910038,121,Yes
Bogertophis subocularis,Colubridae,Bogertophis_subocularis,12.8773218,29,3,NA,7.426549072,113,293.3028154,1208.823394,57.39400443,183.2201835,18.85149638,27.54472477,133103,201176.5,508892,10,Yes
Boiga beddomei,Colubridae,Boiga_beddomei,12.4935872,14,3,NA,6.553933404,105,303.2752861,439.8432432,21.07462742,252.5303303,209.6934283,199.7064565,35331,95424.54545,339068,11,Yes
Boiga bourreti,Colubridae,Boiga_bourreti,7.915669366,17,2,NA,NA,10,367.5,798.8333333,26.52835648,219.0902778,123.3831019,191.4236111,40609.5,37698.5,47053,4,Yes
Boiga forsteni,Colubridae,Boiga_forsteni,13.96674556,20,5,10,7.090076836,160,219.1886074,332.2819383,33.26392863,259.5318007,97.07795985,92.03632067,48128.5,118796,487535,28,Yes
Boiga multifasciata,Colubridae,Boiga_multifasciata,11.59902976,29,2,NA,4.48863637,153,860.2976934,1192.991935,64.56741999,187.5687724,125.4772191,132.2215502,63351.5,109530.9167,487535,12,Yes
Boiga trigonata,Colubridae,Boiga_trigonata,14.9166696,31,5,NA,6.678342115,212,761.8345084,1119.417629,87.21597078,176.514497,47.12710459,42.97184739,70090,132262.9474,580655,57,Yes
Bothriopsis oligolepis,Viperidae,Bothriopsis_oligolepis,12.37086225,-13,1,11,6.893656355,113,1118.386615,2792.794655,58.45229201,138.6495546,70.28267372,107.5229723,115695.5,180554.1,746653,10,Yes
Bothrocophias myersi,Viperidae,Bothrocophias_myersi,11.55404821,-14,1,NA,6.628041376,13,1008.000705,3353.222222,54.90730327,106.8992063,73.49294057,100.8140212,151454.5,237341.5,746653,6,Yes
Bothropoides lutzi,Viperidae,Bothropoides_lutzi,13.60668156,-11,1,11,6.579251212,99,169.3691387,544.7193562,15.89431142,240.7268882,56.75237133,74.14114734,111982.5,392344,1910038,8,Yes
Bothrops erythromelas,Viperidae,Bothropoides_erythromelas,13.85484665,-10,3,11,6.29156914,91,174.9638926,481.4587363,17.85034779,242.5119278,53.06745346,67.38931872,109305,300901.9091,1910038,11,Yes
Bothrops jararacussu,Viperidae,Bothrops_jararacussu,13.85222814,-22,1,25,7.696212639,130,235.4670945,495.0769936,27.24793654,215.6957175,54.14197762,115.4687595,215673,351890.9231,1910038,13,Yes
Bothrops lojanus,Viperidae,Bothrops_lojanus,7.594813962,-4,2,11,6.413458957,84,208.08,2488.6,12.63666667,145.9,28.44166667,79.58333333,65936,65936,102062,2,Yes
Bungarus andamanensis,Elapidae,Bungarus_andamanensis,8.682395751,12,1,NA,NA,36,19.49,55.1,5.243055556,265.2916667,170.6906944,247.0583333,5696,5696,5696,1,Yes
Calamaria abstrusa,Calamariidae,Calamaria_abstrusa,8.421838011,1,1,NA,NA,49,75.94444444,127.6666667,4.666666667,262,58.79861111,266.25,165453,165453,258288,2,Yes
Calamaria boesemani,Calamariidae,Calamaria_boesemani,3.095002737,-1,NA,NA,NA,49,0,817,3.444444444,226.9166667,35.26388889,127.0833333,115810,115810,115810,1,Yes
Calamaria hilleniusi,Calamariidae,Calamaria_hilleniusi,13.28131224,0,2,NA,NA,49,237.0945903,252.1279178,12.75977239,255.4172891,60.95492043,251.2061936,56742.5,115844.8333,425583,6,Yes
Calamaria ingeri,Calamariidae,Calamaria_ingeri,4.964758881,3,1,NA,5.141663557,10,103.25,255.75,7.217881944,253.2708333,114.1979167,222.1875,124944,124944,124944,1,Yes
Calamaria lumbricoidea,Calamariidae,Calamaria_lumbricoidea,14.30410898,1,7,NA,6.461468176,187,260.6123343,272.4533836,14.77956871,254.7745653,70.11934927,230.7775508,36603,69027.16,425583,25,Yes
Calamaria modesta,Calamariidae,Calamaria_modesta,11.84406924,-1,2,NA,NA,160,294.5686235,967.652819,16.60492006,216.4777448,62.86536379,210.2987141,69895,112262.4,425583,10,Yes
Calamaria muelleri,Calamariidae,Calamaria_muelleri,12.03984095,-2,2,NA,5.886104031,118,368.8577707,584.2695473,20.23425837,237.9533608,53.61883345,179.58762,95641,95641,115810,2,Yes
Calamaria nuchalis,Calamariidae,Calamaria_nuchalis,12.0659769,-2,2,NA,5.669880923,118,367.0685198,576.2273642,20.16042533,238.4141516,53.72965459,179.0900402,95641,95641,115810,2,Yes
Calamaria septentrionalis,Calamariidae,Calamaria_septentrionalis,14.62153543,28,2,NA,NA,124,235.3250181,333.8876564,64.81537329,183.5654945,67.65266679,125.4283298,231789,231959.1667,662292,12,Yes
Calliophis bibroni,Elapidae,Calliophis_bibroni,10.90336913,11,2,NA,NA,156,365.3830149,547.1572327,22.76512994,245.8757862,181.2446578,213.2631027,33078,40391,81925,6,Yes
Calliophis intestinalis,Elapidae,Calliophis_intestinalis,14.53231567,5,5,NA,6.684611728,246,284.8492225,299.6963515,15.91752883,253.3802635,67.75648727,224.736972,46314,86525.03448,425583,29,Yes
Cantoria annulata,Homalopsidae,Cantoria_annulata,11.50849464,-8,5,NA,6.445719819,88,4.663139,11.22222,,,,,188585.9,188585.9,289729,2,Yes
Cantoria violacea,Homalopsidae,Cantoria_violacea,11.89348977,7,4,NA,6.579251212,156,36.40904,44.17172,,,,,149639.7,169952.2,460940.8,7,Yes
Caraiba andreae,Dipsadidae,Caraiba_andreae,10.81929613,21,5,NA,6.551080335,152,112.7794452,129.1180124,17.54711109,249.6552795,60.11795241,111.6376812,17859,22769.2,65745,5,Yes
Carphophis amoenus,Dipsadidae,Carphophis_amoenus,13.9591346,36,1,NA,5.828945618,189,138.6011642,219.8104027,72.49849668,139.6646892,18.04766128,104.0596437,159343,183188.2,407235,15,Yes
Cemophora coccinea,Colubridae,Cemophora_coccinea,14.05650189,34,2,NA,6.721425701,226,91.81744038,133.3565647,66.82509735,168.1032674,22.88033016,107.1110237,133597,145907.8571,407235,21,Yes
Cerastes vipera,Viperidae,Cerastes_vipera,15.7436509,25,2,NA,6.214608098,256,178.5039176,396.7542144,60.98645822,241.8412249,4.452878079,3.677431714,210908,762442.2353,4629416,17,Yes
Chapinophis xanthocheilus,Dipsadidae,Chapinophis_xanthocheilus,6.840508015,15,2,NA,6.102558595,16,184,826,15.58333333,227.5,151.6296296,256.9166667,100196,90559.5,148595,4,Yes
Charina bottae,Boidae,Charina_bottae,13.92772255,44,3,NA,6.214608098,179,481.3632897,1399.314128,69.02662822,62.16225166,33.08213886,52.50976821,64627,121101.1613,640109,31,Yes
Chrysopelea pelias,Colubridae,Chrysopelea_pelias,14.18021617,0,2,NA,6.551080335,256,259.1530412,259.6673401,14.73932516,255.2889824,69.05627908,231.1713431,37280,77722.43478,425583,23,Yes
Clelia clelia,Dipsadidae,Clelia_clelia,16.50256182,-11,2,15,7.393263095,211,209.3295373,303.0878739,29.98514994,237.752996,86.39999501,142.4433262,62432.5,132111.03,1910038,100,Yes
Clelia hussami,Dipsadidae,Clelia_hussami,11.11248078,-26,3,NA,6.98471632,11,129.1635537,895.4272727,28.03845902,167.6204545,24.36227273,145.275,349276,349276,482879,2,Yes
Clonophis kirtlandii,Natricidae,Clonophis_kirtlandii,12.54957369,40,5,NA,6.429719478,158,44.59650022,235.4109972,83.95603789,105.8421094,15.56916898,82.46745884,476574.9,539127.9,767004.7,3,Yes
Coniophanes bipunctatus,Dipsadidae,Coniophanes_bipunctatus,12.61837764,15,5,NA,6.551080335,156,128.8814591,152.1849837,14.27854675,254.1340225,101.9918571,191.9869423,18854,39097.31579,148595,19,Yes
Coniophanes dromiciformis,Dipsadidae,Coniophanes_dromiciformis,8.699683034,-3,3,NA,NA,151,351.2888889,397.2666667,15.91358025,238.3888889,63.15425926,77.01666667,31882,40663,102062,8,Yes
Coniophanes imperialis,Dipsadidae,Coniophanes_imperialis,12.87163278,20,10,6,6.234410726,155,159.3835613,166.8041958,23.22068614,249.6996244,76.878182,122.3207718,17153,43095.04,148595,25,Yes
Conophis lineatus,Dipsadidae,Conophis_lineatus,12.66691885,16,7,NA,7.090076836,160,249.3971372,237.6579572,19.22098419,252.2235748,93.72897981,133.0729414,16713.5,36046.58333,148595,24,Yes
Conophis morai,Dipsadidae,Conophis_morai,4.101851299,19,1,NA,NA,12,86,459,18.02777778,231.6666667,140.6875,243.25,3890,3890,3890,1,Yes
Conophis vittatus,Dipsadidae,Conophis_vittatus,11.94840235,18,8,NA,6.684611728,154,429.5629129,731.9811321,27.1530377,242.9578966,94.90264062,96.26519916,42282,58087.52941,222334,17,Yes
Conopsis amphisticha,Colubridae,Conopsis_amphisticha,5.576952425,17,2,NA,5.669880923,69,302.5,1640.5,17.90885417,169.3125,135.5052083,180.2708333,10937.5,10937.5,14298,2,Yes
Corallus cropanii,Boidae,Corallus_cropanii,5.6926979,-24,1,NA,7.31986493,61,43,152,23.375,213.7916667,60.73611111,141.9166667,104610,104610,104610,1,Yes
Crotalus aquilus,Viperidae,Crotalus_aquilus,10.62966568,21,4,5,6.507277712,62,407.8272828,1731.389313,27.33985248,184.4917303,49.71960971,63.05470738,67221,85172.875,222334,8,Yes
Crotalus catalinensis,Viperidae,Crotalus_catalinensis,3.322439127,26,2,3,6.593044534,60,5,7,43.29166667,237.625,10.125,14.125,23537,23537,23537,1,Yes
Crotalus cerastes,Viperidae,Crotalus_cerastes,12.67715382,34,1,8.9,6.733401892,160,418.0903152,691.5616681,70.59638257,188.447131,10.87751244,16.52343981,64627,128896.2353,508892,17,Yes
Crotalus durissus,Viperidae,Crotalus_durissus,15.96059119,-12,10,5,7.495541944,256,271.1475433,406.565989,30.87757677,231.8236525,73.53773075,118.849525,58359,140760.8421,1910038,95,Yes
Crotalus pricei,Viperidae,Crotalus_pricei,12.23862696,27,3,6,6.476972363,119,566.2904192,1732,48.0097677,163.4179142,45.50040905,58.35454092,73154,133557.1,508892,10,Yes
Crotalus ravus,Viperidae,Crotalus_ravus,10.61501228,19,5,6,6.551080335,149,364.8324662,2297.709677,23.36297368,150.4079301,59.74727118,74.71034946,50738.5,42843.3,98111,10,Yes
Crotalus scutulatus,Viperidae,Crotalus_scutulatus,13.74876587,29,8,8,7.222566019,153,472.7107466,1369.422123,55.3061733,174.6572897,22.45773719,29.5799163,62247,89875.62963,336212,27,Yes
Cryptelytrops albolabris,Viperidae,Cryptelytrops_albolabris,14.9948238,20,6,14,6.907755279,172,544.0694128,669.5058002,49.3718796,216.6835021,103.1036826,138.7813524,47053,110955.0189,662292,53,Yes
Cryptelytrops erythrurus,Viperidae,Cryptelytrops_erythrurus,13.43668203,23,2,NA,NA,175,395.7170719,420.4912924,39.29748989,234.390582,158.8040609,183.6838909,53774,82471,435869,27,Yes
Cryptelytrops insularis,Viperidae,Cryptelytrops_insularis,12.278384,-8,1,NA,6.907755279,37,253.1777107,358.6682316,17.18696565,246.2159624,106.7126893,182.3090767,33382,54035,258288,9,Yes
Dasypeltis fasciata,Colubridae,Dasypeltis_fasciata,15.053215,5,4,NA,6.907755279,165,209.041483,431.3463891,13.42328785,252.2521212,80.99135696,138.5862026,115732,382637.8462,3042451,26,Yes
Dasypeltis scabra,Colubridae,Dasypeltis_scabra,16.1346479,-8,11,31,7.003065459,256,383.1844651,852.6978301,37.24831558,225.7638191,53.52152736,55.35647522,100505,324159.411,4629416,73,Yes
Demansia torquata,Elapidae,Demansia_torquata,12.89743073,-19,2,NA,6.289715571,152,157.7017069,274.9507667,31.98415309,233.4320016,70.42259142,83.53665591,221786,236838.1429,459496,7,Yes
Dendrelaphis bifrenalis,Colubridae,Dendrelaphis_bifrenalis,13.11072188,12,4,NA,6.476972363,124,270.0111572,368.2022927,22.82035096,265.4422342,91.71342586,107.2023488,33078,89798.92857,340171,14,Yes
Dendrelaphis calligaster,Colubridae,Dendrelaphis_calligastra,13.64125121,-6,6,NA,7.146772179,147,582.8374718,543.8650182,28.80941751,240.7336171,78.89937007,246.9496352,77034,71384.69231,171230,13,No
Dendrelaphis cyanochloris,Colubridae,Dendrelaphis_cyanochloris,12.32460651,19,2,NA,7.170119543,93,240.2475952,320.3601148,23.27324113,250.571736,158.3856289,180.9373505,42010,92896.52381,435869,21,Yes
Dendrelaphis gorei,Colubridae,Dendrelaphis_gorei,12.30922021,26,4,NA,6.363028104,104,584.3668456,877.3808219,43.89995152,200.3273973,159.3538077,195.4285388,82699,119304,435869,13,Yes
Dendrelaphis grandoculis,Colubridae,Dendrelaphis_grandoculis,11.74177272,12,4,NA,6.835184586,124,284.75,796.7763158,21.24375289,232.7971491,134.5326158,170.9100877,33078,40391,81925,6,Yes
Dendrelaphis lorentzi,Colubridae,Dendrelaphis_lorentzi,10.70932478,-7,1,NA,6.70930434,103,110.5677211,90.6641791,10.23160318,260.9402985,87.21912824,213.9975124,63100.5,77139.5,171230,6,Yes
Dendrelaphis punctulatus,Colubridae,Dendrelaphis_punctulatus,13.98077073,-15,5,NA,7.60090246,188,344.058985,342.4617086,37.51307284,237.8701272,105.5346059,143.9694729,125202.5,155894,459496,24,Yes
Dendroaspis polylepis,Elapidae,Dendroaspis_polylepis,14.82319837,-13,12,NA,8.359369106,150,442.4411244,779.1668058,32.15033289,223.18323,58.02007531,66.18466078,133028,314772.4468,3042451,47,Yes
Dipsas catesbyi,Dipsadidae,Dipsas_catesbyi,15.5921124,-5,2,2.99,6.536691598,218,115.0785293,216.9234219,8.368874262,258.4984477,88.475075,182.967048,145963,251232.9655,1910038,29,Yes
Dipsas chaparensis,Dipsadidae,Dipsas_chaparensis,11.32779519,-17,2,NA,6.684611728,22,771.7020569,1769.824219,36.61922073,189.6386719,75.45294401,114.304362,116948,300004,786790,7,Yes
Dipsas nicholsi,Dipsadidae,Dipsas_nicholsi,7.734576342,8,1,NA,6.470799504,81,0,139,5.791666667,259.25,114.8888889,214.6666667,29176,36029,73305,5,Yes
Dipsas pavonina,Dipsadidae,Dipsas_pavonina,15.52997673,-3,3,NA,6.345636361,177,126.4609557,216.8871964,9.444071383,258.6739718,84.69086872,193.7801788,135776,233355.8667,1910038,30,Yes
Dipsas peruana,Dipsadidae,Dipsas_peruana,12.55584885,-8,2,NA,6.923628628,116,1064.245886,2902.419355,55.79484821,128.9744126,58.76166554,97.5287734,91434,138218.625,746653,16,Yes
Dipsas sanctijoannis,Dipsadidae,Dipsas_sanctijoannis,10.47079931,3,NA,NA,6.173786104,103,716.0473404,2110.35514,44.0721424,165.2718069,48.47473821,157.2235202,30862.5,47289.25,104598,8,Yes
Dipsas viguieri,Dipsadidae,Dipsas_viguieri,8.67937158,8,1,NA,NA,130,190.46875,403.25,11.20442708,244.9583333,120.1953668,231.9635417,58359,44898.33333,73305,3,Yes
Drymarchon caudomaculatus,Colubridae,Drymarchon_caudomaculatus,8.613461094,11,2,NA,7.280697195,13,108.3183391,351.5882353,12.01557093,250.4852941,28.34803922,61.42647059,16870,20954.66667,30085,3,Yes
Drymobius melanotropis,Colubridae,Drymobius_melanotropis,11.29182105,13,1,NA,NA,138,207.5334501,232.5879121,12.61173293,247.581044,121.4289362,257.9862637,27917,44163.7,110942,10,Yes
Drymobius rhombifer,Colubridae,Drymobius_rhombifer,15.5594374,-1,2,NA,7.090076836,154,112.1331429,188.3188948,8.911473888,260.3447168,87.09023956,192.5235888,67041.5,102714.4138,716682,58,Yes
Dryocalamus gracilis,Colubridae,Dryocalamus_gracilis,8.22614811,12,2,NA,6.429719478,150,139.3088889,644.9666667,23.30575617,244.8805556,120.7995062,115.3222222,39434.5,111906.625,339068,8,Yes
Dryophiops rubescens,Colubridae,Dryophiops_rubescens,13.73266033,0,2,NA,6.907755279,179,257.6858112,258.5813439,14.69755041,255.3310492,69.34389588,231.327181,36941.5,75251.58333,425583,24,Yes
Drysdalia mastersii,Elapidae,Drysdalia_mastersii,11.70945396,-34,3,NA,5.533389489,148,31.28746735,85.42517815,35.44838948,164.6674584,11.78946698,30.597981,137255,165392.7143,423734,7,Yes
Drysdalia rhodogaster,Elapidae,Drysdalia_rhodogaster,11.66133685,-35,4,NA,5.894402834,151,252.1346936,638.2219512,44.66332053,130.6607724,18.32564818,75.86280488,247069.5,207034.25,321999,4,Yes
Duberria lutrix,Pseudoxyrhophiidae,Duberria_lutrix,14.20473788,-8,3,NA,5.991464547,256,495.0343897,1427.707558,33.41641633,185.345199,56.07749052,78.32853231,103404,306095.4595,3042451,37,Yes
Duberria variegata,Pseudoxyrhophiidae,Duberria_variegata,10.25760322,-26,6,NA,NA,160,61.63036011,86.62105263,23.24108957,226.3552632,32.91012004,66.50789474,30146,133097.8,471874,5,Yes
Echinanthera undulata,Dipsadidae,Echinanthera_undulata,12.50661418,-24,3,NA,6.142037406,190,241.9345541,684.1632184,25.613732,190.2428161,56.96080241,124.2838123,160141.5,373328.625,1910038,8,Yes
Echiopsis curta,Elapidae,Echiopsis_curta,12.96293144,-33,1,NA,6.396929655,177,104.2504439,186.9736842,40.30706492,167.7586595,18.84931322,36.71266307,102874.5,130681.0833,376487,12,Yes
Echis hughesi,Viperidae,Echis_hughesi,6.110184921,10,NA,NA,5.347107531,24,0,370,28.58333333,280.4166667,4.472222222,4.833333333,1049301,1049301,1049301,1,Yes
Echis megalocephalus,Viperidae,Echis_megalocephalus,1.850366371,15,NA,NA,6.445719819,24,3,15,26.91666667,289.6666667,12.47222222,18.33333333,152524,152524,152524,1,Yes
Echis pyramidum,Viperidae,Echis_pyramidum,14.72771294,9,7,NA,6.536691598,187,322.3914241,636.6664863,25.79955521,261.531164,37.65587086,37.29132278,165042,628843.7619,4629416,21,Yes
Eirenis collaris,Colubridae,Eirenis_collaris,12.75692443,35,6,NA,5.631211782,182,650.4802048,1166.592,84.12115488,150.7567333,20.51651317,26.3708,138070.5,234682.2857,997073,14,Yes
Eirenis decemlineatus,Colubridae,Eirenis_decemlineatus,11.60431889,35,6,NA,6.380122537,160,416.0237526,691.1696203,68.45291967,163.2622363,37.62031441,46.307173,156117.5,380971.5,1847461,10,Yes
Eirenis eiselti,Colubridae,Eirenis_eiselti,11.49547916,37,1,NA,5.65248918,36,363.2532872,841.9237057,78.9197664,149.0229337,31.65549525,49.7897366,101493,107147.4,143853,5,Yes
Eirenis levantinus,Colubridae,Eirenis_levantinus,10.71012854,36,3,4,5.877735782,21,399.547081,602.0254777,62.71749023,162.3471338,47.41181522,66.69745223,110164,110164,143853,2,Yes
Eirenis mcmahoni,Colubridae,Eirenis_mcmahoni,14.02352423,31,2,NA,NA,103,491.6344536,1016.556188,78.30247935,191.433282,10.19349672,12.70031215,238254,233087.8235,580655,17,No
Eirenis medus,Colubridae,Eirenis_medus,12.98242752,36,3,NA,5.590986981,74,535.8778424,1284.683908,82.31442415,135.2910281,17.1661648,25.31896552,147303,298734.75,1847461,16,Yes
Eirenis persicus,Colubridae,Eirenis_persicus,14.91906727,33,3,NA,NA,142,626.8599948,1205.778586,86.01099253,168.9739658,18.34786218,20.5468456,109416.5,203670.2222,1847461,36,Yes
Elachistodon westermanni,Colubridae,Elachistodon_westermanni,14.24811082,24,3,NA,6.507277712,151,207.1599972,321.4300518,45.33490319,250.9440278,109.0773,99.36821653,79520.5,143915.7727,487535,22,Yes
Elapsoidea chelazzii,Elapidae,Elapsoidea_chelazzii,5.951883943,2,1,NA,6.040254711,35,0,93,7.138888889,270.8333333,29.41666667,41.75,537377.5,537377.5,1049301,2,Yes
Elapsoidea nigra,Elapidae,Elapsoidea_nigra,7.993319511,-5,2,NA,6.00635316,126,382.4,1083.4,27.8625,203.25,51.45333333,89.68333333,112151,172100.6,482013,5,Yes
Enhydris enhydris,Homalopsidae,Enhydris_enhydris,14.60452685,14,15,42.3,6.756932389,215,221.9153676,220.5691176,23.14434283,257.4143382,114.6823356,166.6541667,163883.8,200504.237,1065968.8,27,Yes
Enhydris indica,Homalopsidae,Enhydris_indica,9.610645524,4,3,NA,NA,172,68.48140496,99.88636364,5.788825758,263.8712121,42.20567895,185.8371212,123678.9,123678.9,149639.7,2,Yes
Enhydris longicauda,Homalopsidae,Enhydris_longicauda,9.766045609,13,2,NA,NA,80,3.385416667,10.70833333,13.21368634,273.7291667,69.97786458,104.9479167,185822.2,185822.2,185822.2,1,Yes
Enhydris punctata,Homalopsidae,Enhydris_punctata,14.08909624,1,3,NA,NA,165,179.7104688,183.9625,10.34678847,258.9669271,57.55443793,228.4817708,116116.7,120667.62,191318.4,10,Yes
Enulius oligostichus,Dipsadidae,Enulius_oligostichus,7.054544645,22,3,NA,6.309918278,47,74.44444444,159.3333333,27.48148148,248.3333333,96.21141975,95.47222222,57373,78235.83333,222334,6,Yes
Epicrates inornatus,Boidae,Epicrates_inornatus,9.079578797,18,8,27.5,5.693732139,171,129.5328,253.44,12.82835556,240.3766667,52.56644444,156.8066667,7504,8878,17859,3,Yes
Epicrates monensis,Boidae,Epicrates_monensis,5.509210143,18,1,NA,NA,116,0,57,10.41666667,255.5,20.94444444,83.91666667,3118,6147.6,17859,5,Yes
Epictia collaris,Leptotyphlopidae,Epictia_collaris,9.852515259,5,1,NA,4.553876892,37,36.98115702,78.21818182,5.800330579,264.2909091,65.81635445,197.930303,93428.5,167670.75,476136,4,Yes
Epictia melanura,Leptotyphlopidae,Epictia_melanurus,3.87379346,-8,1,NA,4.859812404,71,138,219.5,17.41145833,199.9583333,2.46875,2.229166667,112656.5,112656.5,184213,2,No
Epictia rufidorsa,Leptotyphlopidae,Epictia_rufidorsa,7.730504266,-8,1,NA,5.533389489,74,64.19753086,78.77777778,21.81893004,209.4537037,1.950274348,1.648148148,112656.5,112656.5,184213,2,Yes
Epictia subcrotilla,Leptotyphlopidae,Epictia_subcrotilla,8.264819059,-2,1,NA,5.141663557,75,52.28099174,100.3636364,12.06026171,241.4772727,36.1758494,32.48484848,27570.5,63203.75,184213,4,Yes
Epictia tricolor,Leptotyphlopidae,Epictia_tricolor,11.23894381,-9,1,NA,5.49388415,40,752.4607187,3149.425439,39.25491177,105.6432749,39.75234474,57.06871345,102062,93389.42857,185961,7,Yes
Erpeton tentaculatum,Homalopsidae,Erpeton_tentaculatum,12.67313759,12,7,NA,NA,214,53.49189189,44.6,10.53585586,270.9927928,91.53844574,143.7058559,108964.9,113698.4714,185822.2,7,Yes
Erythrolamprus bizonus,Dipsadidae,Erythrolamprus_bizonus,12.68967095,6,1,NA,6.396929655,151,726.0238729,1577.611285,40.68597143,191.2168234,87.67083555,181.6657088,30085,60520.96774,375787,31,Yes
Erythrolamprus mertensi,Dipsadidae,Umbrivaga_mertensi,8.652693859,8,1,NA,5.991464547,50,37.7716263,84.70588235,5.382160707,272.0490196,86.97760477,113.5539216,375787,375787,375787,1,Yes
Erythrolamprus problematicus,Dipsadidae,Liophis_problematicus,3.882328495,-14,1,NA,5.411646052,28,160.5,1963.5,10.5,180,84.16666667,164.9166667,90229,90229,90229,1,Yes
Erythrolamprus pyburni,Dipsadidae,Umbrivaga_pyburni,7.136156982,3,NA,NA,5.877735782,35,7.875,244.25,5.905381944,265.2291667,103.8784722,232.6041667,222016,222016,375787,2,No
Eunectes beniensis,Boidae,Eunectes_beniensis,12.30869692,-13,3,NA,8.089482474,12,13.89026139,162.1392216,9.602384366,258.9963822,77.10061414,137.493513,149425,492933,1910038,8,Yes
Eunectes deschauenseei,Boidae,Eunectes_deschauenseei,11.78603944,0,1,NA,NA,78,32.79554704,38.22976501,6.492337814,266.1416449,108.5095468,208.8420366,184791,257313.3,716682,10,Yes
Farancia abacura,Dipsadidae,Farancia_abacura,13.7827208,32,10,45,7.635303886,178,40.57762077,67.73725255,62.62974787,180.8784493,24.56782525,110.1332983,112240,142509.5333,407235,15,Yes
Ficimia ruspator,Colubridae,Ficimia_ruspator,4.987018534,18,1,NA,4.804021045,73,0,1483,11.25,219.25,71.94444444,77.08333333,61610,61610,62247,2,Yes
Ficimia streckeri,Colubridae,Ficimia_streckeri,12.05027812,25,12,NA,6.173786104,83,222.0495868,249.1309091,44.86321928,228.2927273,41.66945271,68.08212121,65496,64620.33333,141231,9,Yes
Furina dunmalli,Elapidae,Furina_dunmalli,12.95995268,-26,2,NA,6.551080335,59,109.5225794,303.7364229,45.31376215,202.536085,24.71059074,55.89621048,287757,271825.5,459496,6,Yes
Geophis bicolor,Dipsadidae,Geophis_bicolor,9.410338114,20,1,NA,5.799092654,146,317.5475,1657.225,25.73680556,186.0208333,77.38878472,84.19166667,60721,60058.16667,98111,6,Yes
Geophis brachycephalus,Dipsadidae,Geophis_brachycephalus,10.11586128,8,4,NA,5.899897354,143,519.6010802,899.5694444,25.5962336,222.5983796,125.6033951,235.6666667,29493,34707.41667,80806,12,Yes
Geophis cancellatus,Dipsadidae,Geophis_cancellatus,7.693458851,15,1,NA,NA,73,513.09375,1615.125,31.03125,192.25,155.2111545,200.9270833,13251,45137,110942,3,Yes
Geophis dunni,Dipsadidae,Geophis_dunni,4.095986513,13,NA,NA,5.733341277,82,0,1222,8.263888889,191.9166667,77.75,145.4166667,62096.5,62096.5,110942,2,Yes
Geophis nasalis,Dipsadidae,Geophis_nasalis,9.573927373,15,5,NA,5.187385806,146,439.308642,897.1111111,25.63084896,230.308642,187.1616941,238.4104938,40512,50796,110942,4,Yes
Geophis pyburni,Dipsadidae,Geophis_pyburni,6.115174407,19,1,NA,5.552959585,37,322.5,1552.5,22.58680556,198.5416667,98.77777778,102.6666667,61610,61610,62247,2,Yes
Geophis ruthveni,Dipsadidae,Geophis_ruthveni,8.211697392,10,2,NA,NA,89,456.5454545,878,24.2434573,217.8560606,106.2827135,285.5378788,16274,28511,58359,3,Yes
Gerrhopilus hedraeus,Typhlopidae,Typhlops_hedraeus,12.3309328,12,NA,NA,NA,64,272.6231366,376.5697329,16.42067023,251.580366,99.54799796,212.4939416,18120,39703.42857,104667,7,Yes
Gerrhopilus mcdowelli,Typhlopidae,Typhlops_mcdowelli,4.904518863,-9,2,NA,NA,18,0,511,7.208333333,242.25,64.13888889,201.8333333,77034,77034,77034,1,Yes
Gerrhopilus oligolepis,Typhlopidae,Typhlops_oligolepis,6.65895794,27,2,NA,NA,105,271.5555556,1054.333333,34.75925926,192.8333333,232.2407407,232.6388889,76125,65722,82916,3,Yes
Gloydius saxatilis,Viperidae,Gloydius_saxatilis,14.26339638,45,4,NA,6.535241271,77,269.5495387,341.3428439,134.88748,32.72465556,44.16620445,66.46434814,249275,519894.4,3922555,15,Yes
Gongylosoma scriptum,Colubridae,Gongylosoma_scripta,11.26919518,12,2,NA,5.010635294,146,229.7340335,305.7475915,17.35463081,260.0610951,106.3074012,144.665623,66332,85132.61538,318937,13,No
Gonionotophis grantii,Lamprophiidae,Gonionotophis_grantii,15.01929634,9,3,NA,5.768320996,151,166.6186557,355.5134588,18.74574063,264.1861044,90.3215013,105.7737469,44859.5,377067.3182,3042451,22,Yes
Helicops scalaris,Dipsadidae,Helicops_scalaris,9.795144817,10,3,21.5,6.907755279,149,25.45888216,30.71698113,6.388854278,280.3820755,54.21266465,99.98584906,102825.75,120479.05,262815.2,4,Yes
Helicops trivittatus,Dipsadidae,Helicops_trivittatus,13.57297519,-7,1,7,6.56667243,165,83.55192994,212.8507334,7.720820131,260.0361662,105.839938,164.2090523,656569.15,926688.225,1911985.8,4,Yes
Hemachatus haemachatus,Elapidae,Hemachatus_haemachatus,13.2503097,-30,5,NA,5.537334267,224,490.0718488,1108.949765,38.16289729,161.0902233,33.61678115,55.3173295,39262,156023.0625,586846,16,Yes
Hemibungarus calligaster,Elapidae,Hemibungarus_calligaster,11.92105369,15,1,NA,6.251903883,179,255.959524,327.5746102,16.50113811,255.0213437,117.6149042,210.653118,10079,31027.4,94877,5,Yes
Hemirhagerrhis hildebrandtii,Psammophiidae,Hemirhagerrhis_hildebrandtii,15.51480928,5,5,NA,5.598421959,136,382.8755326,673.0476017,33.75482883,248.8605328,53.33765547,51.19658003,178952,447416.4468,4629416,47,Yes
Heterodon simus,Dipsadidae,Heterodon_simus,12.62377589,32,3,NA,6.413458957,248,31.66378422,52.31255992,56.91101294,188.1758549,27.97134667,110.3533078,146470,146712.75,347724,8,Yes
Himalayophis tibetanus,Viperidae,Himalayophis_tibetanus,4.883846831,28,6,NA,6.413458957,32,0,1802,41.45833333,150.75,156.6666667,157.25,79520.5,79520.5,82916,2,Yes
Homalopsis buccata,Homalopsidae,Homalopsis_buccata,14.83212796,11,14,NA,7.222566019,256,292.7398646,283.6762791,20.87860975,255.0694574,103.297497,190.1291473,116178.3,177914.868,1065968.8,25,Yes
Hoplocephalus stephensii,Elapidae,Hoplocephalus_stephensii,10.2705687,-28,1,NA,NA,145,98.80174927,135.8571429,33.8765069,191.3222789,45.26769517,115.9880952,221786,221786,221786,1,Yes
Hydrophis sibauensis,Elapidae,Hydrophis_sibauensis,9.111861722,-1,1,NA,6.476972363,13,124.5,209.5,7.462962963,259.0833333,51.55439815,248.3402778,425583,425583,425583,1,Yes
Hydrops caesurus,Dipsadidae,Hydrops_caesurus,12.99783816,-23,3,NA,6.345636361,9,41.14433426,109.6659544,32.33079029,234.2666192,39.85246738,99.60707502,295162.5,525924.875,1910038,8,Yes
Hydrops martii,Dipsadidae,Hydrops_martii,13.85628775,-4,1,NA,6.91274282,190,51.42922428,126.1220472,5.960213196,261.5673392,80.55486473,193.3346457,257831.5,410919.2222,1910038,18,Yes
Hypnale nepa,Viperidae,Hypnale_nepa,8.340176762,7,5,NA,5.945420609,246,321.1597633,924.0769231,19.70619658,219.9166667,77.57330703,228.6217949,12500,21259.66667,48213,3,Yes
Hypsiglena torquata,Dipsadidae,Hypsiglena_torquata,14.90493409,34,10,3.2,6.476972363,154,558.0617547,1109.944646,73.60188595,150.3303748,21.23660215,32.80587103,60464.5,100962.5625,435313,48,Yes
Imantodes inornatus,Dipsadidae,Imantodes_inornatus,13.28567539,7,4,NA,6.380122537,118,836.2559584,938.8850114,41.0146921,219.5776125,119.3449079,219.8798627,29493,45541.53125,250591,32,Yes
Imantodes phantasma,Dipsadidae,Imantodes_phantasma,4.629228451,8,1,NA,6.587550015,32,0,738,3.75,227.25,120.9861111,240.5833333,38168,38168,73305,2,Yes
Imantodes tennuissimus,Dipsadidae,Imantodes_tennuissimus,11.63656686,20,3,NA,6.396929655,148,42.12535613,49,17.92036996,257.6918329,54.61447587,94.19586895,49623,62302.2,148595,5,Yes
Ithycyphus perineti,Pseudoxyrhophiidae,Ithycyphus_perineti,11.20948118,-18,1,NA,NA,28,286.1303478,775.0701754,25.66476223,205.189693,99.58000752,148.6045322,131662,115892.25,198972,4,Yes
Lampropeltis alterna,Colubridae,Lampropeltis_alterna,12.52923165,28,3,8,7.29301768,113,320.5385698,1077.994589,56.20131695,189.642316,18.19569004,29.10849567,109052,136291.1429,435313,7,Yes
Lamprophis aurora,Lamprophiidae,Lamprophis_aurora,13.29529936,-29,3,NA,NA,256,432.8669758,1156.949418,38.10804646,163.0667257,34.08538998,56.0509189,45780,161079.8,586846,15,Yes
Lamprophis fiskii,Lamprophiidae,Lamprophis_fiskii,10.82549396,-31,2,NA,5.752572639,127,217.490121,1068.384181,44.71336461,157.4915254,8.066883363,19.03295669,102585,143627.4,350726,5,Yes
Lamprophis geometricus,Lamprophiidae,Lamprophis_geometricus,2.172835113,-5,3,NA,6.633318433,177,58.24489796,103.2857143,5.840986395,258.8214286,70.60034014,184.2142857,310,310,310,1,Yes
Leioheterodon modestus,Pseudoxyrhophiidae,Leioheterodon_modestus,10.22598763,-21,1,NA,6.579251212,151,246.2799587,307.4090909,26.1656372,242.6344697,83.19776601,84.80681818,95628,98379,198972,6,Yes
Leptophis ahaetulla,Colubridae,Leptophis_ahaetulla,16.04487098,-9,4,NA,7.098375639,256,225.6284939,323.3455374,29.47844314,237.6745722,83.26219058,136.6943817,38996.5,121672.8646,1910038,96,Yes
Leptophis santamartensis,Colubridae,Leptophis_santamartensis,8.293414438,11,1,NA,NA,20,906.9917355,1777.636364,53.62534435,168.4848485,104.5726584,190.2954545,14822.5,15590.25,31477,4,No
Leptotyphlops jacobseni,Leptotyphlopidae,Leptotyphlops_jacobseni,9.675375428,-25,NA,NA,NA,15,332.5167243,758.9411765,31.43041138,198.9656863,44.97297514,64.06372549,222541,298792.3333,471874,3,Yes
Letheobia episcopus,Typhlopidae,Rhinotyphlops_episcopus,5.035093733,37,3,NA,5.762051383,12,67.25,482.5,76.47916667,172.8958333,24.35416667,33.5625,143853,143853,143853,1,Yes
Letheobia erythraea,Typhlopidae,Rhinotyphlops_erythraeus,9.868849523,15,NA,NA,5.521460918,86,499.5640957,1384.737705,31.07598017,222.284153,29.42067545,44.09836066,247734,947271.8,3042451,5,Yes
Letheobia graueri,Typhlopidae,Letheobia_graueri,11.1554817,-5,2,NA,6.109247583,102,267.7127588,984.1400966,16.89253671,226.4436393,61.00398687,93.49114332,341972.5,448504.625,1179319,8,Yes
Letheobia stejnegeri,Typhlopidae,Letheobia_stejnegeri,12.44333604,-1,1,NA,NA,83,25.30656861,344.925776,5.110039927,252.5852452,38.04303666,154.9739091,412882,326526.8,567187,5,Yes
Liasis fuscus,Pythonidae,Liasis_fuscus,13.6045574,-13,5,8.908108108,8.006367568,141,242.4234954,246.4462742,25.32163166,259.3754632,119.6010332,143.8024907,88263.5,108099.8333,358465,18,Yes
Liopeltis rappi,Colubridae,Liopeltis_rappi,7.343109232,27,4,NA,NA,154,357.52,540.6,38.61666667,218.6166667,258.6183333,258.7833333,57125,57922.5,82916,4,Yes
Liophidium apperti,Pseudoxyrhophiidae,Liophidium_apperti,7.208755766,-23,1,NA,5.703782475,30,49.28,125.4,24.86444444,241.7666667,40.05555556,50.93333333,61395,61395,79496,2,Yes
Liophidium therezieni,Pseudoxyrhophiidae,Liophidium_therezieni,6.104389133,-12,1,NA,5.459585514,30,49.11111111,82.33333333,10.92592593,262.4444444,111.2037037,116.1944444,151564,118574.6667,198972,3,Yes
Liophidium trilineatum,Pseudoxyrhophiidae,Liophidium_trilineatum,7.668280648,-25,1,NA,5.703782475,118,39.63265306,124.8571429,24.65136054,237.547619,25.36592971,35.98809524,61395,61395,79496,2,Yes
Liophidium vaillanti,Pseudoxyrhophiidae,Liophidium_vaillanti,10.87777733,-21,3,NA,6.754604099,113,263.0178326,358.9259259,26.19076741,239.5997942,75.18360281,77.39248971,111760,117017.2,198972,5,Yes
Liophis ceii,Dipsadidae,Liophis_ceii,11.80856827,-22,1,NA,6.063785209,23,86.91892315,358.3286052,33.1338113,231.5522065,39.27794963,59.71276596,229767,385717.8,786790,5,Yes
Liophis jaegeri,Dipsadidae,Liophis_jaegeri,14.77288181,-25,6,NA,NA,156,247.0772345,328.7277798,38.78516933,206.3299415,47.719593,111.914857,170501,292885.4444,1910038,27,Yes
Liophis janaleeae,Dipsadidae,Liophis_janaleeae,11.6930446,-8,2,NA,5.793013608,14,1166.889979,1856.909091,59.71051378,184.9024621,59.70136288,124.2215909,114506,105644.7143,185961,7,Yes
Liophis longiventris,Dipsadidae,Liophis_longiventris,12.79909005,-9,5,NA,NA,89,61.30876149,164.8403756,7.791947806,253.543662,104.7211745,177.7908451,294537,575926.8333,1910038,6,Yes
Liophis melanotus,Dipsadidae,Liophis_melanotus,13.2075571,9,6,NA,6.272877007,212,179.6147349,192.5929368,13.95376288,265.6445684,78.02408142,117.3651384,30781,73949.46429,476136,28,Yes
Liophis viridis,Dipsadidae,Liophis_viridis,13.76743839,-9,3,NA,6.079933195,152,173.398461,403.1400213,15.61191728,247.5961834,55.17068586,70.7201347,26313,256559.4615,1910038,13,Yes
Liophis williamsi,Dipsadidae,Liophis_williamsi,7.608945031,10,1,NA,NA,56,172.16,1257.2,12.25,191.9166667,42.41166667,95.71666667,41231.5,41231.5,68181,2,Yes
Liopholidophis grandidieri,Pseudoxyrhophiidae,Liopholidophis_grandidieri,8.843903651,-21,2,NA,6.595780514,110,210.6540643,1020.652174,23.99453896,187.0181159,101.094728,142.5507246,155366,155366,198972,2,Yes
Liotyphlops argaleus,Anomalepidae,Liotyphlops_argaleus,8.384824505,5,NA,NA,5.549076085,30,594.3061224,1321.571429,35.66220238,211.375,54.59141156,135.6071429,62073.5,62073.5,104598,2,Yes
Liotyphlops beui,Anomalepidae,Liotyphlops_beui,14.4309232,-20,6,NA,5.749392986,90,221.7261529,505.1507538,25.0437653,223.0980477,67.13461885,122.0794345,193087,285175.4375,1910038,16,Yes
Liotyphlops schubarti,Anomalepidae,Liotyphlops_schubarti,8.901607614,-21,2,NA,NA,66,65.5463138,693.9130435,17.63466184,208.1268116,80.29311069,118.7246377,1196458.5,1196458.5,1910038,2,Yes
Lycodon dumerili,Colubridae,Lycodon_dumerili,11.65899789,8,1,NA,6.253828812,121,258.4722292,377.5898204,14.42923186,250.7220559,72.08816872,221.7981537,61393.5,61393.5,104667,2,Yes
Lycodon effraenis,Colubridae,Lycodon_effraenis,14.10905293,1,5,NA,6.620073207,167,264.5631413,265.1841212,14.62999395,255.0368242,63.85740633,235.6645991,37280,83789.35294,425583,17,Yes
Lycodon jara,Colubridae,Lycodon_jara,13.31611107,24,4,NA,5.669880923,212,170.6896438,211.3487417,41.09224747,250.7877076,134.7865627,136.5553844,76125,113866.6,340171,15,Yes
Lycodon osmanhilli,Colubridae,Lycodon_osmanhilli,9.575282052,7,2,7,6.042632834,64,46.79591837,75.95238095,8.664304611,269.547619,100.0754362,201.3829365,12500,21259.66667,48213,3,Yes
Lycodon paucifasciatus,Colubridae,Lycodon_paucifasciatus,9.128990394,17,2,NA,NA,71,153.3647959,225.6071429,30.39397321,244.1458333,127.2036565,192.8065476,46314,38629.66667,47053,3,Yes
Lycodon zawi,Colubridae,Lycodon_zawi,10.09441365,23,2,NA,5.978885765,13,369.1974131,858.4212454,32.69382463,213.1205739,186.6062864,217.742674,53980.5,86895.625,253509,8,Yes
Lycodonomorphus bicolor,Lamprophiidae,Lycodonomorphus_bicolor,10.39449716,-6,2,NA,NA,121,29.17202354,781.4255319,12.19861928,247.7836879,66.80164479,84.71276596,55606.5,322633,1179319,4,Yes
Lycodonomorphus inornatus,Lamprophiidae,Lycodonomorphus_inornatus,12.40973976,-28,3,NA,5.370638028,160,523.4770802,933.9002463,32.73827639,171.5765599,38.96984128,64.76672824,39262,121197.7143,471874,14,Yes
Lycodonomorphus subtaeniatus,Lamprophiidae,Lycodonomorphus_subtaeniatus,13.58562558,-7,2,NA,NA,60,175.6461387,750.0720103,10.2123433,237.2157094,71.24125937,122.9369553,567187,645703.6,1179319,5,Yes
Lycodonomorphus whytii,Lamprophiidae,Lycodonomorphus_whytii,12.58698205,-8,2,NA,6.405228458,117,316.090144,1112.617341,21.34637542,222.0702312,83.0318672,90.00057803,132514.5,330546.1667,1179319,6,Yes
Lycodryas carleti,Pseudoxyrhophiidae,Lycodryas_carleti,10.02437687,-23,1,NA,6.405228458,19,131.3411249,161.7837838,22.29796689,226.027027,95.8188129,183.865991,111760,118008.6667,198972,3,Yes
Lycodryas citrinus,Pseudoxyrhophiidae,Lycodryas_citrinus,8.839104226,-19,2,NA,6.282266747,19,36.91966759,74.21052632,18.29751462,260.2412281,93.72145275,90.77192982,115530,115530,151564,2,Yes
Lycodryas granuliceps,Pseudoxyrhophiidae,Lycodryas_granuliceps,9.793399212,-14,2,NA,6.684611728,137,92.62352071,143.6730769,12.75368795,257.8669872,127.5214497,136.8461538,151564,118574.6667,198972,3,Yes
Lycodryas inopinae,Pseudoxyrhophiidae,Lycodryas_inopinae,5.842506197,-12,1,NA,6.169610732,19,82.875,111.25,11.75868056,260.6458333,94,99.875,151564,151564,151564,1,Yes
Lycophidion acutirostre,Lamprophiidae,Lycophidion_acutirostre,12.09883815,-14,4,NA,5.736572297,146,114.4004511,191.8768657,16.61835311,250.4930037,75.44490757,89.12126866,129307,207999.6667,482013,6,Yes
Lycophidion hellmichi,Lamprophiidae,Lycophidion_hellmichi,11.8977524,-14,2,NA,NA,50,327.0391594,543.4356659,24.28362445,221.098006,39.6691216,37.59066968,133028,224588.4286,657515,7,Yes
Lycophidion nanum,Lamprophiidae,Lycophidion_nanus,10.51475737,-19,3,NA,NA,56,253.9019452,340.2232143,26.69957084,230.9985119,75.75527255,92.09672619,82973.5,178091.8333,471874,6,No
Lycophidion ornatum,Lamprophiidae,Lycophidion_ornatum,14.02460387,-3,3,NA,6.173786104,78,327.2094738,922.7685928,18.50519898,230.3853562,61.21828507,120.3566952,195906,324125.9,1179319,20,Yes
Lycophidion semicinctum,Lamprophiidae,Lycophidion_semicinctum,14.9339843,10,1,NA,NA,160,151.3340606,321.2949862,18.10648626,265.7904591,91.4415689,105.6238292,44859.5,377067.3182,3042451,22,Yes
Lygophis dilepis,Dipsadidae,Lygophis_dilepis,14.63342963,-16,6,NA,NA,152,155.1865279,322.8812095,22.75821731,240.8033957,66.2216295,93.8400288,278331,399139.5,1910038,18,Yes
Lygophis elegantissimus,Dipsadidae,Lygophis_elegantissimus,8.849740607,-38,3,NA,NA,118,62.37037037,337.3333333,47.06229995,134.7746914,19.05149749,62.29320988,398555,398555,398555,1,Yes
Lygophis vanzolinii,Dipsadidae,Liophis_vanzolinii,10.36498637,-32,2,NA,6.300785795,29,274.8181818,910.3,42.73435606,153.7113636,34.3893354,55.0219697,398555,494693.3333,786790,3,Yes
Lystrophis histricus,Dipsadidae,Lystrophis_histricus,13.44697701,-27,5,NA,6.620073207,151,55.85947922,135.7926937,38.23579113,209.9737749,31.01493229,104.1211488,298735,489129.6667,1910038,9,Yes
Lystrophis semicinctus,Dipsadidae,Lystrophis_semicinctus,13.57193085,-35,3,NA,6.492239835,160,165.2447115,268.2239658,50.67048128,162.6660128,29.26318599,50.70901688,298735,319211.5556,786790,9,Yes
Lytorhynchus maynardi,Colubridae,Lytorhynchus_maynardi,13.04673209,29,2,NA,NA,118,379.7529128,979.1619171,72.19217532,215.7885902,7.136932851,8.413158463,282711.5,269330.875,580655,8,Yes
Lytorhynchus ridgewayi,Colubridae,Lytorhynchus_ridgewayi,14.1344151,32,3,NA,NA,127,510.8166373,903.2520617,79.31132184,188.8470783,12.7200181,14.54003665,130665,196645.45,580655,20,Yes
Macrocalamus chanardi,Calamariidae,Macrocalamus_chanardi,8.248772397,4,1,NA,5.468060141,10,364.21875,674.625,24.546875,232.5416667,59.34570313,233.3645833,71020.5,71020.5,124944,2,Yes
Macrocalamus lateralis,Calamariidae,Macrocalamus_lateralis,11.27160143,9,2,NA,5.991464547,150,85.59956759,105.6577181,8.219261895,267.840604,90.6112256,178.5095078,26762,57394.2,124944,5,Yes
Macroprotodon cucullatus,Colubridae,Macroprotodon_cucullatus,13.5142487,33,12,1.05,6.476972363,187,418.6902077,541.8881988,57.36847418,174.5528597,15.8404669,21.85778986,138070.5,643553.5625,4629416,16,Yes
Macrovipera schweizeri,Viperidae,Macrovipera_schweizeri,5.716899404,37,3,9,NA,79,58.96296296,131.6666667,47.13888889,178.1388889,27.14814815,35.05555556,133558,133558,133558,1,Yes
Madagascarophis colubrinus,Pseudoxyrhophiidae,Madagascarophis_colubrinus,12.81992496,-19,4,NA,6.779921907,177,252.2766532,365.1922739,24.59097213,238.5426544,103.1088031,123.8051653,79496,84506.71429,198972,7,Yes
Madatyphlops domerguei,Typhlopidae,Typhlops_domerguei,5.778277515,-21,NA,NA,5.010635294,34,0,1137,23.55555556,182.6666667,91.76388889,115.0833333,155366,155366,198972,2,No
Madatyphlops reuteri,Typhlopidae,Typhlops_reuteri,6.223109876,-14,NA,NA,4.605170186,133,111.24,164.6,12.98625,254.925,137.6947222,164.4416667,175268,175268,198972,2,No
Masticophis slevini,Colubridae,Masticophis_slevini,3.718469858,29,1,NA,6.767343125,59,0,137,45.91666667,221.5833333,6.236111111,9.916666667,222843,222843,222843,1,Yes
Mastigodryas heathii,Colubridae,Mastigodryas_heathii,11.30702123,-7,2,6,6.777646594,138,344.4549781,407.3868313,26.90440472,212.4591907,16.43602982,12.36728395,80806,88531.85714,185961,7,Yes
Mastigodryas melanolomus,Colubridae,Mastigodryas_melanolomus,13.27824342,17,9,7.55,6.80682936,146,327.4380289,354.3090668,21.98937175,247.0183653,93.95605565,132.4820759,26050,45875.54839,222334,31,Yes
Mehelya capensis,Lamprophiidae,Mehelya_capensis,14.12908696,-18,6,NA,7.43838353,167,403.5927734,787.0965323,30.84892286,215.5148001,48.45625039,60.91590519,146463,225113.6452,1179319,31,Yes
Mehelya nyassae,Lamprophiidae,Mehelya_nyassae,14.32996758,-17,7,NA,6.214608098,126,369.5655085,590.472028,27.29273349,228.9404299,63.29908818,70.05246374,38085,215360.8148,1179319,27,Yes
Meizodon plumbiceps,Colubridae,Meizodon_plumbiceps,12.53682498,4,4,NA,NA,121,210.2707193,383.6306197,12.52781965,272.399352,31.4912483,31.90562981,112151,392488.3333,1049301,3,Yes
Melanophidium wynaudense,Uropeltidae,Melanophidium_wynaudense,9.591260023,11,4,NA,NA,151,127.4375,750.875,13.53862847,230.7708333,316.0384115,307.96875,26685,26685,30825,2,Yes
Micrelaps bicoloratus,Atractaspididae,Micrelaps_bicoloratus,11.37571535,-3,4,NA,NA,106,439.551168,712.632,25.03323022,234.0746667,39.50839333,60.90733333,88675,227593.125,1049301,8,Yes
Micruroides euryxanthus,Elapidae,Micruroides_euryxanthus,12.68948905,30,4,4.5,6.272877007,154,436.3921565,777.6925859,60.72348158,198.17066,26.72611567,35.28277577,165693,190757.625,508892,8,Yes
Micrurus bogerti,Elapidae,Micrurus_bogerti,8.776849161,16,2,NA,6.646390515,47,129.9889197,148.4210526,11.60487842,266.0087719,83.55355494,83.92105263,25228,29814,60973,4,Yes
Micrurus dissoleucus,Elapidae,Micrurus_dissoleucus,13.3034425,9,8,5.5,5.991464547,154,296.790856,294.8722442,19.12824666,258.4144055,82.21832187,127.6801865,28602,56559.64706,476136,34,Yes
Micrurus elegans,Elapidae,Micrurus_elegans,10.10358354,17,5,11,6.620073207,156,469.5668747,898.961039,29.46722325,220.487013,120.5314977,210.9383117,14136,35588.14286,148595,14,Yes
Micrurus isozonus,Elapidae,Micrurus_isozonus,14.09689283,7,6,11,6.802394763,154,348.031419,376.916411,21.1913748,255.2308495,96.22978635,157.4151542,36185.5,89238.6,476136,30,Yes
Micrurus langsdorffi,Elapidae,Micrurus_langsdorffi,14.36863676,-2,2,11,6.646390515,190,68.77701047,152.5522388,6.050522217,260.4242766,60.79744492,231.1172264,173261,207670.7647,746653,17,Yes
Micrurus limbatus,Elapidae,Micrurus_limbatus,7.600007059,18,3,6.5,6.599870499,50,127.3333333,462,18.39506173,231.0694444,133.6435185,225.5833333,15274,15274,26658,2,Yes
Micrurus multiscutatus,Elapidae,Micrurus_multiscutatus,9.231279608,3,1,NA,NA,74,401.3111111,1481.866667,22.79259259,200.2611111,101.8973302,237.8972222,31915,39120,80806,5,Yes
Micrurus paraensis,Elapidae,Micrurus_paraensis,14.23643554,-7,2,9,6.272877007,41,94.56930083,215.7531139,8.915103816,254.718509,108.3746647,172.5592378,229767,413402.6364,1910038,11,Yes
Micrurus pyrrhocryptus,Elapidae,Micrurus_pyrrhocryptus,14.43465053,-27,4,8,6.518409553,152,123.6209729,217.798058,42.97596357,213.9545226,46.07119243,86.07923282,295162.5,421297.75,1910038,16,Yes
Micrurus ruatanus,Elapidae,Micrurus_ruatanus,5.053733097,16,1,11,6.523562306,119,3.333333333,14,11.51851852,263.5555556,106.3148148,181.2777778,89450,89450,89450,1,Yes
Micrurus tener,Elapidae,Micrurus_tener,13.33232928,28,9,4.5,7.106606138,161,343.6768792,347.297841,57.00716016,202.5304629,34.6543024,72.52363428,67221,94444.375,407235,16,Yes
Montivipera latifii,Viperidae,Montivipera_latifii,5.382479271,36,2,6.33,6.551080335,47,0,2866,84.41666667,71.41666667,10.94444444,14.66666667,63287,63287,63287,1,Yes
Morelia amethistina,Pythonidae,Morelia_amethistina,13.47080653,-8,5,NA,9.047821442,213,455.9665831,495.5195424,25.42595125,240.720885,101.3245518,207.3484668,29670.5,62194.73077,358465,26,Yes
Morelia spilota,Pythonidae,Morelia_spilota,15.82769255,-25,11,6.798,8.29404964,210,148.2451598,273.483482,53.97941122,218.5634945,34.51612373,41.48797283,156516.5,193672.2857,820767,42,Yes
Morelia viridis,Pythonidae,Morelia_viridis,13.19188757,-7,3,NA,7.60090246,142,442.7460684,419.9038217,24.85245752,246.0900743,87.82215607,220.3798832,41481,87690.89474,358465,19,Yes
Mussurana bicolor,Dipsadidae,Mussurana_bicolor,12.95484373,-24,5,NA,6.907755279,110,34.60393966,101.6515938,33.94536896,231.8540277,40.06675622,97.93964665,260678.5,430941.6,1910038,10,Yes
Naja kaouthia,Elapidae,Naja_kaouthia,14.91098125,19,11,26.5,7.313220387,183,478.2280495,545.5311236,36.91877802,236.1360229,127.7369642,159.8524484,44074,77171.83721,435869,43,Yes
Naja siamensis,Elapidae,Naja_siamensis,13.81588049,16,2,16,7.377758908,246,217.2665201,279.3052995,20.07758059,258.6124232,106.4821974,137.9518369,44074,89420.52632,435869,19,Yes
Namibiana rostrata,Leptotyphlopidae,Leptotyphlops_rostratus,10.08264574,-16,NA,NA,NA,128,326.0270062,981.6944444,20.75451175,217.068287,40.22947209,41.17476852,178965.5,229745.5,657515,6,Yes
Natriciteres fuliginoides,Natricidae,Natriciteres_fuliginoides,14.48421135,5,4,NA,6.214608098,156,228.9398613,387.3330427,14.84999838,252.2669427,79.94978487,136.9538942,97551.5,288323.25,1631860,20,Yes
Natriciteres olivacea,Natricidae,Natriciteres_olivacea,16.49356193,1,12,NA,6.075346031,160,348.7083895,641.9559725,24.92026783,245.5972033,76.68073911,94.54690982,83185,257210.1,3042451,70,Yes
Natrix tessellata,Natricidae,Natrix_tessellata,15.76880197,42,18,21,6.907755279,246,686.0069982,740.0522188,89.63589973,106.1831605,22.95838516,37.26304869,125335,302973.8,4629416,75,Yes
Nerodia clarkii,Natricidae,Nerodia_clarkii,10.83036006,28,4,NA,6.835184586,161,5.984989249,9.426751592,49.08485131,213.9394904,36.75355998,113.9713376,115162.6,133911.6778,271471,9,Yes
Nerodia harteri,Natricidae,Nerodia_harteri,8.783213855,33,4,NA,6.802394763,73,85.17751479,372.8076923,69.96252465,179.3269231,18.88966963,60.71153846,271471.0,271471.0,271471.0,1,Yes
Nerodia sipedon,Natricidae,Nerodia_sipedon,14.85446838,40,18,NA,7.313220387,256,147.6747189,303.0628051,84.67101708,109.3664492,22.38516457,86.37085367,249444.9,291426.2143,767004.7,21,Yes
Ninia espinali,Dipsadidae,Ninia_espinali,8.188578035,15,1,5,5.986452005,19,299,1377.333333,18.52546296,191.5833333,100.9864969,150.0138889,78611.5,70354,110942,4,Yes
Ninia sebae,Dipsadidae,Ninia_sebae,13.36612648,16,9,5,5.991464547,160,322.7510561,324.1546281,21.36766725,246.3501427,94.44124987,151.5933654,13612.5,30203.23333,110942,30,Yes
Notechis scutatus,Elapidae,Notechis_scutatus,12.02795026,-37,3,21.1,7.484368643,153,147.869998,264.5268293,36.44007866,132.9410569,43.89628572,76.32086721,27548.5,50881,168704,10,Yes
Nothopsis rugosus,Dipsadidae,Nothopsis_rugosus,12.73381438,9,2,3.5,5.942799375,143,215.3480214,246.2876984,13.36044455,250.7310681,140.238264,261.3730985,23922.5,36059.45,110942,20,Yes
Oligodon affinis,Colubridae,Oligodon_affinis,10.27636745,10,2,NA,NA,152,225.6296296,226.2666667,13.96872428,263.3611111,179.5344444,237.3342593,23676,27184,35331,3,Yes
Oligodon cinereus,Colubridae,Oligodon_cinereus,15.0532266,20,4,NA,6.529418838,150,516.9902929,616.6974478,46.78362502,221.5088167,110.2458829,145.5453519,45147,90724.86538,662292,52,Yes
Oligodon cyclurus,Colubridae,Oligodon_cyclurus,14.65307405,20,4,NA,6.907755279,175,501.5099145,628.7605888,39.19775065,229.7241008,120.0510788,147.5485696,46220,82348.09756,435869,41,Yes
Oligodon durheimi,Colubridae,Oligodon_durheimi,8.670187168,4,2,NA,NA,101,421.6953125,1588.0625,22.97222222,185.3333333,53.24462891,181.015625,72618,111218,258288,3,No
Oligodon erythrorhachis,Colubridae,Oligodon_erythrorhachis,5.433687068,27,1,NA,NA,104,145.78125,413.625,47.42057292,237.9375,130.9401042,129.21875,82916,135305,266386,3,Yes
Oligodon forbesi,Colubridae,Oligodon_forbesi,8.186135896,-8,1,NA,NA,131,25.4,68.2,7.358055556,268.8583333,93.07083333,161.325,7496,7496,7496,1,Yes
Oligodon joynsoni,Colubridae,Oligodon_joynsoni,11.79851786,20,2,NA,6.697034248,97,197.5458771,531.5904437,23.26941037,247.2556883,76.93823215,103.2727531,119158,197511.8,435869,5,Yes
Oligodon juglandifer,Colubridae,Oligodon_juglandifer,9.589413591,27,3,NA,NA,105,1072.992593,1505.133333,64.97506173,164.2074074,208.1395336,211.4296296,76125,90521.28571,253509,7,Yes
Oligodon lacroixi,Colubridae,Oligodon_lacroixi,11.55681794,23,2,NA,NA,81,431.1974288,1182.515152,40.6875829,180.7323232,108.9612795,140.8333333,337861.5,337861.5,435869,2,Yes
Oligodon macrurus,Colubridae,Oligodon_macrurus,7.829308102,12,NA,NA,NA,87,118.2222222,234.6666667,18.29166667,254.4722222,82.0625,113.5,46314,68334.33333,123784,3,Yes
Oligodon planiceps,Colubridae,Oligodon_planiceps,6.033134158,20,1,NA,4.744932128,126,78.6625434,84.96875,17.36909558,267.7468171,167.1914217,173.3969907,34987,62919.42857,137910,7,Yes
Oligodon pulcherrimus,Colubridae,Oligodon_pulcherrimus,3.830619851,3,2,NA,NA,105,259.5454545,976.1212121,14.32065924,214.2992424,52.72857043,202.9305556,72618,111218,258288,3,Yes
Oligodon sublineatus,Colubridae,Oligodon_sublineatus,9.554773692,7,5,NA,5.634789603,160,320.23,322.7,18.30401042,252.95625,92.77317708,247.1875,12500,21259.66667,48213,3,Yes
Oligodon taeniolatus,Colubridae,Oligodon_taeniolatus,14.69748724,21,7,NA,6.396929655,161,187.4194138,351.3985032,40.23736013,256.4895505,91.18937319,85.94138437,55132,121504.8205,580655,39,Yes
Oligodon templetoni,Colubridae,Oligodon_templetoni,11.10038888,8,NA,NA,NA,256,170.4817357,173.9076923,15.32708196,265.1175214,94.82502593,156.5059829,30356.5,100711.75,339068,4,Yes
Oligodon torquatus,Colubridae,Oligodon_torquatus,10.15637634,23,1,NA,5.529429088,126,146.2368386,289.5544041,32.72296572,248.9177461,91.20271443,108.5826857,94509.5,137900.3333,435869,6,Yes
Oligodon unicolor,Colubridae,Oligodon_unicolor,8.181597399,-8,1,NA,NA,88,22.83950617,73.55555556,7.298353909,268.5740741,91.52469136,162.0740741,7496,7496,7496,1,Yes
Omoadiphas texiguatensis,Dipsadidae,Omoadiphas_texiguatensis,3.769814118,15,1,NA,4.96284463,10,314.2222222,833.3333333,18.38888889,223.2222222,52.94444444,136.7222222,51350.5,51350.5,89450,2,Yes
Oocatochus rufodorsata,Colubridae,Oocatochus_rufodorsata,14.8228588,39,7,NA,6.551080335,172,236.7067681,311.5987925,107.4802722,91.24359723,52.76474528,71.3287808,210839,253047.3182,889460,22,Yes
Opheodrys aestivus,Colubridae,Opheodrys_aestivus,14.60435875,34,7,5.75,6.169610732,248,125.0666124,184.8637485,70.16216044,165.1947114,24.88160804,97.69988527,101009,150861.3333,508892,30,Yes
Ophiophagus hannah,Elapidae,Ophiophagus_hannah,15.52740939,14,11,36,6.587550015,178,391.9637321,445.8748107,33.1359291,238.9689222,107.0358014,175.4823784,41819.5,88898.65957,662292,94,Yes
Opisthotropis alcalai,Natricidae,Opisthotropis_alcalai,6.009252868,8,1,NA,NA,53,287.5,821.5,15.54166667,230.5416667,61.41666667,226.5,61393.5,61393.5,104667,2,Yes
Opisthotropis maxwelli,Natricidae,Opisthotropis_maxwelli,13.06457323,25,1,NA,NA,100,166.2851032,271.2124728,55.72300945,201.606599,77.41799666,137.1555475,330653,334771.75,662292,4,Yes
Opisthotropis spenceri,Natricidae,Opisthotropis_spenceri,8.837081544,18,NA,NA,6.269096284,96,194.366782,516.2352941,23.32266436,247.4656863,70.63235294,95.5245098,219047.5,219047.5,318937,2,Yes
Ovophis monticola,Viperidae,Ovophis_monticola,15.0956274,24,8,NA,7.003065459,150,1375.24212,1509.209345,84.75666631,160.8570113,92.09321578,118.8824164,64735.5,123734.569,662292,58,Yes
Oxyrhabdium leporinum,Pseudoxyrhophiidae,Oxyrhabdium_leporinum,11.94127342,15,6,NA,6.70930434,156,253.9282856,325.4561404,16.40117138,255.1714181,117.2221011,210.2772295,9176,25946.5,94877,6,Yes
Oxyrhopus leucomelas,Dipsadidae,Oxyrhopus_leucomelas,11.58295513,-7,1,NA,6.476972363,98,1086.5137,2133.066456,53.81168883,168.771097,79.15383583,147.0487869,96145.5,136216.375,746653,16,Yes
Oxyrhopus melanogenys,Dipsadidae,Oxyrhopus_melanogenys,13.88479405,-7,4,NA,6.476972363,169,299.3052391,395.9648845,13.97578117,249.9754297,64.2689991,195.2257988,166931,142519.5556,250591,9,Yes
Oxyrhopus occipitalis,Dipsadidae,Oxyrhopus_occipitalis,12.91446059,1,1,NA,6.095824562,190,94.18523954,224.7772152,7.315247784,260.5840366,83.80435934,189.0405063,88305,133385.2857,470048,7,Yes
Oxyrhopus petola,Dipsadidae,Oxyrhopus_petola,15.66932578,0,1,NA,6.682108597,256,139.2915423,208.7166233,10.8407051,258.3112194,97.22045379,190.1809843,31696,106055.7073,1910038,82,Yes
Parapistocalamus hedigeri,Elapidae,Parapistocalamus_hedigeri,8.718475534,-6,1,NA,6.396929655,80,16,45,3.404761905,267.1428571,47.00170068,325.8928571,35700,35700,35700,1,Yes
Paratapinophis praemaxillaris,Natricidae,Paratapinophis_praemaxillaris,11.9170697,20,2,NA,NA,85,225.5742508,787.4785408,28.02837898,227.4778255,87.51670727,116.8279685,119158,197511.8,435869,5,Yes
Pareas boulengeri,Pareatidae,Pareas_boulengeri,13.83053709,29,1,NA,6.802394763,94,506.1205821,717.1881906,68.13684486,159.3564975,62.91302796,112.5795062,239854,274011.0769,662292,13,Yes
Parias sumatranus,Viperidae,Parias_sumatranus,14.12373028,1,4,NA,NA,192,259.4111882,257.880241,14.41594941,255.530128,64.8949636,234.1177504,54949,91563.5,425583,18,Yes
Phalotris lemniscatus,Dipsadidae,Phalotris_lemniscatus,12.87886915,-31,2,NA,6.396929655,160,79.64037366,153.9459053,37.29677537,187.4224894,19.72981667,115.891435,295162.5,278040,482879,6,Yes
Phalotris tricolor,Dipsadidae,Phalotris_tricolor,14.33275553,-25,3,NA,6.063785209,160,358.5407552,411.4508182,42.1619138,209.6620396,43.36291276,74.18088497,229767,362446.8095,1910038,21,Yes
Philodryas argenteus,Dipsadidae,Philodryas_argenteus,14.78731168,0,2,4.75,7.170119543,211,129.4591561,249.8266067,10.67600997,258.596883,97.52936557,188.0319837,145963,208870.2222,746653,27,Yes
Philodryas livida,Dipsadidae,Philodryas_livida,13.19550789,-20,2,10,6.541029999,91,167.9381842,467.7110448,18.43690224,235.5210448,66.56217163,116.6751741,229767,579559,1910038,5,Yes
Philodryas psammophidea,Dipsadidae,Philodryas_psammophidea,15.19896589,-23,4,NA,7.090076836,142,182.4568286,325.450558,41.46727199,214.1217253,64.20833799,101.5328508,295162.5,376407.1667,1910038,24,Yes
Philodryas tachymenoides,Dipsadidae,Philodryas_tachymenoides,9.228101702,-18,2,NA,NA,71,268.9586777,700.1212121,21.94908683,173.0656566,0.581101418,0.406565657,144558,144558,184213,2,Yes
Philodryas varia,Dipsadidae,Philodryas_varia,12.99542279,-19,4,NA,7.207859871,151,302.5056593,507.7959034,29.89365836,231.2674957,68.20381223,100.9846379,170501,303835.2727,786790,11,Yes
Philothamnus irregularis,Colubridae,Philothamnus_irregularis,15.29728554,3,7,NA,6.975413927,195,231.4714341,473.6928781,13.88363159,250.4449379,75.81801205,135.2013234,128060,289710.6129,1631860,31,Yes
Phisalixella arctifasciata,Pseudoxyrhophiidae,Phisalixella_arctifasciata,11.52908421,-18,1,NA,6.551080335,160,315.9352966,559.2354839,24.16730952,215.5844086,96.81427101,157.8704301,111760,101372.6,198972,5,Yes
Phyllorhynchus decurtatus,Colubridae,Phyllorhynchus_decurtatus,12.97053999,32,2,3,6.234410726,146,355.1724132,555.3591644,63.46362301,199.4793351,13.76118455,18.4677673,53978,106453.5909,508892,22,Yes
Pituophis deppei,Colubridae,Pituophis_deppei,13.59891303,23,6,NA,7.60090246,161,411.3324796,1772.855186,38.46390199,179.6915525,56.63895017,63.20166341,59195,81584.61905,508892,21,Yes
Pituophis melanoleucus,Colubridae,Pituophis_melanoleucus,13.22882209,33,1,8,6.892641641,211,114.4599361,143.9299429,62.57830042,174.1034856,24.8708644,111.6299083,112240,129453.9231,347724,13,Yes
Plagiopholis delacouri,Pseudoxenodontidae,Plagiopholis_delacouri,11.54543138,23,1,NA,5.991464547,85,195.8120167,1070.243902,27.63444378,199.3170732,109.0625124,131.7276423,223724,243726,435869,3,Yes
Plagiopholis nuchalis,Pseudoxenodontidae,Plagiopholis_nuchalis,12.69486429,20,2,NA,6.253828812,121,438.3785692,949.8255034,39.11601616,215.3144467,87.19147146,112.9759078,100928.5,133397.5,435869,14,Yes
Plagiopholis styani,Pseudoxenodontidae,Plagiopholis_styani,14.53616103,27,3,NA,5.991464547,115,317.7910286,501.1597898,66.74736886,170.8187849,63.97942849,118.425652,195947,231161.3333,662292,12,Yes
Platyceps florulentus,Colubridae,Platyceps_florulentus,13.92891067,9,5,NA,7.13089883,187,615.5013833,1157.160326,38.64213334,232.9437148,52.87623236,57.84402677,152524,428056.4,3042451,15,Yes
Platyceps najadum,Colubridae,Platyceps_najadum,12.64499187,32,10,NA,6.363028104,183,645.3792637,1045.012182,78.87418183,130.3761074,28.25489253,45.34551495,79051.5,200536.125,1847461,32,Yes
Platyplectrurus madurensis,Uropeltidae,Platyplectrurus_madurensis,9.889216199,9,2,4.5,6.086774727,137,304.4444444,1000.833333,20.2816358,223.7361111,85.79475309,155.3055556,23110.5,23110.5,23676,2,Yes
Platyplectrurus trilineatus,Uropeltidae,Platyplectrurus_trilineatus,9.832850473,10,2,NA,6.086774727,147,468.5,1332.5,27.66666667,203.1666667,76.45833333,146.5,23676,42715.33333,81925,3,Yes
Plesiodipsas perijanensis,Dipsadidae,Plesiodipsas_perijanensis,9.317650985,9,1,NA,NA,61,459.68,1285.4,27.630839,204.2738095,74.52501134,159.3595238,48693.5,54342.83333,104598,6,Yes
Pliocercus euryzonus,Dipsadidae,Pliocercus_euryzonus,12.48087083,6,3,12,6.551080335,152,237.750636,263.7829457,14.59507364,250.1401809,153.4124449,255.8922265,26658,31554.36842,80806,19,Yes
Polemon barthii,Atractaspididae,Polemon_barthii,13.26340624,7,1,NA,6.802394763,156,94.76018141,184.1047619,9.411089695,258.0404762,81.40700981,159.6949735,188895,223652.8,670796,5,Yes
Prosymna ambigua,Prosymnidae,Prosymna_ambigua,16.05032846,-8,7,NA,5.991464547,141,370.8853648,817.4155816,23.47468771,227.5950327,72.95071643,100.7821538,107777.5,215683.3167,1179319,60,Yes
Prosymna angolensis,Prosymnidae,Prosymna_angolensis,13.58218535,-17,1,NA,5.703782475,99,154.3817491,1126.507234,27.01528572,215.577098,55.85566544,55.78916908,188890.5,289726,1179319,16,Yes
Prosymna janii,Prosymnidae,Prosymna_janii,11.61661859,-25,3,NA,5.634789603,152,59.09294342,99.55865922,25.08426584,230.8675512,36.03537308,62.55493482,30217.5,134194.7,471874,10,Yes
Prosymna ornatissima,Prosymnidae,Prosymna_ornatissima,5.918253838,-7,2,NA,NA,86,0,819,16.43055556,227.9166667,63.31944444,117.5833333,112151,205906.6667,482013,3,Yes
Protobothrops jerdonii,Viperidae,Protobothrops_jerdonii,14.24584387,25,2,2.4,6.897704943,139,405.4740756,545.5826438,53.50901719,203.7422805,96.87504794,133.6479314,101037,159034.1154,662292,26,Yes
Protobothrops kaulbacki,Viperidae,Protobothrops_kaulbacki,7.825960178,29,3,NA,7.251344983,74,744.0493827,2325.444444,53.38014403,126.6574074,108.4639918,129.2777778,46220,59314.33333,121014,3,Yes
Protobothrops mucrosquamatus,Viperidae,Protobothrops_mucrosquamatus,15.08789406,28,6,3.6,7.313220387,175,545.863322,707.5145565,70.3895736,171.7946146,80.22826052,108.7827593,82699,156193.4468,674352,47,Yes
Protobothrops sieversorum,Viperidae,Protobothrops_sieversorum,10.74344135,17,1,NA,7.13089883,14,230.7755102,814.4571429,25.46309524,215.875,146.9602381,186.6857143,59319,137621.125,435869,8,Yes
Protobothrops xiangchengensis,Viperidae,Protobothrops_xiangchengensis,11.29333186,29,3,2,7.313220387,36,411.1925262,3822.955056,53.32008308,44.40855181,56.37613856,64.87546816,99291,214177.3333,460542,3,Yes
Psammophis condanarus,Psammophiidae,Psammophis_condanarus,14.94669006,22,6,NA,7.003065459,194,182.0612455,259.3262673,38.30515251,256.5376003,104.1815043,98.9515105,50855,109400.7222,487535,54,Yes
Psammophis subtaeniatus,Psammophiidae,Psammophis_subtaeniatus,14.30070448,-19,3,7,7.244227516,133,250.0470833,1020.850358,32.19675343,211.6194191,47.50001524,50.60593866,212251.5,248289.3889,657515,18,Yes
Psammophylax tritaeniatus,Psammophiidae,Psammophylax_tritaeniatus,14.86567462,-17,7,NA,6.522092798,146,254.0617785,1060.539804,30.12555903,210.8946738,62.05741778,63.94774559,146463,221311.7586,1179319,29,Yes
Pseudalsophis elegans,Dipsadidae,Pseudalsophis_elegans,12.21904316,-8,2,NA,NA,169,483.1812444,568.9133333,32.83795494,208.9302778,57.69369506,40.65638889,37527,59673,184213,10,Yes
Pseudoboa haasi,Dipsadidae,Pseudoboa_haasi,12.92143865,-27,1,NA,6.907755279,109,242.2223341,603.0329835,29.50855579,182.6158171,25.41369919,138.0148051,284084.5,512620.1667,1910038,6,Yes
Pseudocerastes persicus,Viperidae,Pseudocerastes_persicus,15.31389176,26,3,NA,6.551080335,160,546.693526,750.2479,70.34586996,221.0397232,56.791209,47.97946687,74203.5,139046.8542,580655,48,Yes
Pseudoeryx plicatilis,Dipsadidae,Pseudoeryx_plicatilis,16.0887379,-10,3,NA,7.29301768,256,193.1552091,314.9426595,20.16341571,246.4299828,87.68075107,150.7110222,156447,237231.6739,1910038,46,Yes
Pseudohaje nigra,Elapidae,Pseudohaje_nigra,12.99768865,7,1,NA,7.696212639,156,101.3144287,199.7136205,11.23131429,262.3524447,98.25681974,154.9789969,188895,397273.5714,1631860,7,Yes
Pseudorabdion oxycephalum,Calamariidae,Pseudorabdion_oxycephalum,10.27011831,11,2,NA,5.560681631,156,147.9574581,247.2528736,9.212342743,261.6369732,94.29278049,198.9846743,34856,34856,34856,1,Yes
Pseudorabdion saravacense,Calamariidae,Pseudorabdion_saravacense,11.60620631,2,2,NA,NA,113,229.7235668,274.0216718,12.64833497,254.5072239,56.22588159,307.4767802,76205,144263.6,425583,5,Yes
Pseudoxenodon inornatus,Pseudoxenodontidae,Pseudoxenodon_inornatus,13.88418738,-1,1,NA,6.907755279,187,277.4668421,328.4684211,18.18353763,249.4346491,107.0539664,210.4059211,33826,34286.75,53666,4,Yes
Pseudoxyrhopus heterurus,Pseudoxyrhophiidae,Pseudoxyrhopus_heterurus,10.47175155,-17,2,NA,7.003065459,151,289.6219295,435.3962264,22.26872948,221.2044025,89.98958704,181.2264151,111760,104001.6667,198972,3,Yes
Pseudoxyrhopus imerinae,Pseudoxyrhophiidae,Pseudoxyrhopus_imerinae,9.56968475,-21,1,NA,7.003065459,124,390.4688091,1269.673913,27.70380435,178.2916667,89.13555451,120.3405797,77527,88824.75,198972,4,Yes
Pseudoxyrhopus sokosoko,Pseudoxyrhophiidae,Pseudoxyrhopus_sokosoko,9.199627231,-24,1,NA,7.003065459,20,302.1230469,450.15625,25.29370117,214.609375,70.29710558,122.8463542,111760,118008.6667,198972,3,Yes
Psomophis obtusus,Dipsadidae,Psomophis_obtusus,13.45819255,-31,1,NA,5.991464547,150,65.06255729,108.6157703,39.93805822,188.0354755,25.13772928,106.3514889,298735,269745.8571,482879,7,Yes
Ptyas carinata,Colubridae,Ptyas_carinata,15.00232601,10,11,45,8.216088099,156,247.1463611,268.7644883,16.38897323,256.5736745,94.32200951,197.9384276,42010,84071.29268,435869,41,Yes
Ptyas dipsas,Colubridae,Ptyas_dipsas,12.14144345,-2,2,NA,7.824046011,177,356.3304553,551.702403,19.39877517,239.50878,52.27100153,179.6483364,75472,72675.66667,115810,3,Yes
Python anchietae,Pythonidae,Python_anchietae,12.38518907,-20,3,5,7.512071246,127,165.436156,1323.515395,33.50014613,209.8019857,37.02875354,38.8153726,244228.5,258347.3333,586846,6,Yes
Python regius,Pythonidae,Python_regius,15.37908043,8,7,8.6,7.60090246,212,200.5762099,421.8005242,16.68631085,258.3529078,83.04266943,116.8645782,79679,325892.6667,3042451,30,Yes
Rachidelus brazili,Dipsadidae,Rachidelus_brazili,13.65761153,-22,2,NA,7.244227516,106,168.7869495,462.9573758,27.16935546,218.0725537,53.27897899,123.8486842,284084.5,526409,1910038,6,Yes
Ramphotyphlops bicolor,Typhlopidae,Ramphotyphlops_bicolor,14.01375468,-32,2,3,6.035481433,156,108.6296895,192.7176499,45.23503375,174.2813987,10.36301247,25.82475024,225697.5,246349.4286,583394,14,Yes
Ramphotyphlops cumingii,Typhlopidae,Ramphotyphlops_cumingii,11.62861743,8,1,NA,NA,169,258.88715,394.1671733,14.65151029,250.4475684,73.10829025,212.0050659,64866.5,63130,104667,4,Yes
Ramphotyphlops similis,Typhlopidae,Ramphotyphlops_similis,5.946754823,-1,1,NA,NA,80,10.5,45.5,2.111111111,267.3333333,50.22222222,216.3333333,49455.5,49455.5,77060,2,Yes
Regina septemvittata,Natricidae,Regina_septemvittata,13.83146264,38,11,15.5,6.232448017,189,117.2519929,265.0101713,77.04042741,126.1920503,20.42886342,97.90368487,142226.4,226616.84,767004.7,15,Yes
Rhabdophis nuchalis,Natricidae,Rhabdophis_nuchalis,12.76719016,23,1,NA,6.633318433,123,1106.287342,2173.064917,74.48471747,108.7990977,63.36505204,83.98351691,110152.5,189920.9286,674352,28,Yes
Rhadinaea cuneata,Dipsadidae,Rhadinaea_cuneata,4.377993525,19,1,NA,NA,40,0,959,17.72222222,207.6666667,149.2638889,207.0833333,148595,148595,148595,1,Yes
Rhadinaea gaigeae,Dipsadidae,Rhadinaea_gaigeae,9.260805323,22,1,NA,NA,77,162.9003906,1240.78125,29.71780056,210.8072917,37.39194065,49.92447917,67221,79653,124975,4,Yes
Rhadinaea godmani,Dipsadidae,Rhadinaea_godmani,11.75894144,14,3,NA,6.342121419,149,427.7559273,1151.722628,25.89214688,208.9656326,103.3554559,140.448601,15286,39920.25,148595,16,Yes
Rhadinaea kinkelini,Dipsadidae,Rhadinaea_kinkelini,8.575116738,15,1,NA,5.857933154,116,300.7013333,899.22,19.3977284,218.9111111,88.02641049,133.7272222,40873.5,56509,148595,8,Yes
Rhadinaea macdougalli,Dipsadidae,Rhadinaea_macdougalli,6.096207395,17,1,NA,NA,64,0,1116,12.25,206.4166667,94.02777778,124.1666667,28290,51813,148595,4,Yes
Rhadinaea montana,Dipsadidae,Rhadinaea_montana,7.099490719,25,3,8,6.363028104,70,182.25,1658.75,27.14496528,172.0208333,32.9375,54.47916667,65496,65496,65496,1,Yes
Rhadinaea schistosa,Dipsadidae,Rhadinaea_schistosa,8.710874943,18,2,NA,5.370638028,73,445.8148148,1327.666667,25.76410322,191.9768519,155.4478738,203.3703704,62247,66165.6,148595,5,Yes
Rhadinella serperaster,Dipsadidae,Rhadinaea_serperastra,8.160946727,10,2,NA,6.098074282,143,188.375,1516.25,12.02083333,181.375,125.0989583,256.4375,16274,28511,58359,3,Yes
Rhinobothryum bovallii,Colubridae,Rhinobothryum_bovallii,12.82988315,7,1,NA,7.170119543,98,255.2306296,259.7504554,17.82037978,257.7786126,140.177345,213.2219186,29539.5,37175,110942,28,Yes
Rhinocerophis itapetiningae,Viperidae,Rhinocerophis_itapetiningae,13.76752232,-18,2,4,6.214608098,107,196.6690364,543.9747268,17.35509009,235.6199055,80.26636582,119.5262409,229504,510509.875,1910038,8,Yes
Rhinophis drummondhayi,Uropeltidae,Rhinophis_drummondhayi,8.934593432,7,2,NA,5.703782475,93,313.1458333,784.75,19.21489198,227.9027778,79.58015046,201.0416667,12500,21259.66667,48213,3,Yes
Rhinophis fergusonianus,Uropeltidae,Rhinophis_fergusonianus,4.417496283,10,1,NA,5.991464547,118,75,813,11.33420139,235.5208333,82.89583333,152.7291667,23110.5,23110.5,23676,2,Yes
Rhinophis oxyrhynchus,Uropeltidae,Rhinophis_oxyrhynchus,10.41349881,8,6,NA,6.309918278,213,48.2082,74.81,13.1247,272.18,86.98955417,126.7608333,48213,130115.6667,339068,3,Yes
Rhinoplocephalus bicolor,Elapidae,Rhinoplocephalus_bicolor,10.85051887,-34,5,NA,6.109247583,129,51.94032646,129.6815642,29.94941637,159.6210428,30.95671171,57.79795158,30620,46786,115461,4,Yes
Rhinoplocephalus pallidiceps,Elapidae,Rhinoplocephalus_pallidiceps,12.61884433,-15,3,NA,6.29156914,156,84.68861598,111.1183628,22.43513552,272.7639196,90.45492624,89.22013274,285768.5,271877.75,358465,4,Yes
Rhinotyphlops feae,Typhlopidae,Rhinotyphlops_feae,6.755275191,0,3,NA,NA,108,242,380,18.70833333,223.2083333,95.11458333,177.125,1032,1032,1032,1,Yes
Rhinotyphlops praeocularis,Typhlopidae,Rhinotyphlops_praeocularis,14.42902453,-1,NA,NA,NA,120,287.8794148,551.1321934,16.19726396,241.2725378,81.45148121,132.1980297,110187.5,262441.6364,913702,22,Yes
Salvadora hexalepis,Colubridae,Salvadora_hexalepis,13.88561481,32,4,7,7.047517221,148,534.5049081,956.0810229,66.25510492,173.4643786,19.04537109,24.82703006,59855.5,109417,508892,24,Yes
Salvadora mexicana,Colubridae,Salvadora_mexicana,11.43624418,19,4,NA,6.800170068,160,415.8996528,681.2027972,25.37737464,243.6191725,99.65725674,98.5247669,61610,74691.625,222334,8,Yes
Seminatrix pygaea,Natricidae,Seminatrix_pygaea,12.39516291,31,12,10,5.940171253,143,18.7137281,29.10840438,52.9371409,198.2785221,35.71359309,109.2155907,76812.5,123941.8333,347724,6,Yes
Sibon dunni,Dipsadidae,Sibon_dunni,4.854581694,0,1,NA,5.717027701,57,457.5,2747,27.5,128.875,20.95833333,71.125,80806,80806,80806,1,Yes
Sibon linearis,Dipsadidae,Sibon_linearis,4.983558675,19,1,NA,5.739792912,12,0,373,17.58333333,235.5,148.8333333,257,3890,3890,3890,1,Yes
Sibynomorphus ventrimaculatus,Dipsadidae,Sibynomorphus_ventrimaculatus,13.11421628,-30,4,4.8,6.214608098,129,73.2845199,140.5691106,37.88767974,193.3499599,21.90903908,116.2307692,291590,243619.8571,482879,7,Yes
Sibynophis bistrigatus,Colubridae,Sibynophis_bistrigatus,9.234720741,20,1,NA,5.393627546,146,103.3875323,163.6214689,21.05028532,265.8309793,136.1697021,142.3215631,66332,116740.2857,435869,7,Yes
Sibynophis bivittatus,Colubridae,Sibynophis_bivittatus,9.545354403,10,2,NA,NA,120,126.7933884,178.1818182,8.515438476,263.1287879,94.56185434,166.5094697,14278,14278,14278,1,Yes
Sibynophis collaris,Colubridae,Sibynophis_collaris,14.8306579,19,3,NA,6.263398263,161,645.1053276,757.287743,46.52942993,222.4378225,117.2196664,149.0716641,46683.5,93735.83333,487535,54,Yes
Simoselaps australis,Elapidae,Simoselaps_australis,13.22660447,-31,1,NA,5.991464547,150,58.66563936,113.1822999,54.05696516,193.7431108,6.261940687,20.7539304,321999,346655,583394,5,Yes
Simoselaps incinctus,Elapidae,Simoselaps_incinctus,13.94487076,-17,3,NA,5.703782475,46,109.4403082,245.3293103,34.69753237,264.4338841,59.14097321,59.15701628,346656,378403.5714,820767,7,Yes
Simoselaps littoralis,Elapidae,Simoselaps_littoralis,10.85226681,-26,2,NA,5.966146739,46,61.86870373,88.64457831,42.56554531,214.9176707,20.31032866,26.99849398,90288,91402,168704,3,Yes
Sinomicrurus japonicus,Elapidae,Sinomicrurus_japonicus,7.802765212,27,2,NA,6.396929655,146,48.16326531,124.1428571,41.53117914,215.6904762,55.94557823,201.452381,4064,4064,4064,1,Yes
Sinonatrix aequifasciata,Natricidae,Sinonatrix_aequifasciata,14.15411623,25,4,NA,6.456769656,106,401.8275761,569.8579613,60.55635674,185.0255005,76.0432329,127.5732418,98650,171606.6,662292,20,Yes
Siphlophis compressus,Dipsadidae,Siphlophis_compressus,16.03133552,-4,1,4,6.745236349,211,222.7766495,294.7772155,15.05743108,253.3296209,94.93585436,176.0772352,41100,119171.8608,1910038,79,Yes
Siphlophis leucocephalus,Dipsadidae,Siphlophis_leucocephalus,11.21089965,-13,3,NA,6.562444094,151,223.3435433,604.1538462,17.17176143,226.3016591,47.19991059,78.30618401,111982.5,392344,1910038,8,Yes
Siphlophis pulcher,Dipsadidae,Siphlophis_pulcher,12.96361849,-21,4,NA,6.396929655,194,217.7952643,702.741018,22.90183588,203.9005115,70.45434413,112.0801522,215673,424378.2222,1910038,9,Yes
Siphlophis worontzowi,Dipsadidae,Siphlophis_worontzowi,15.03381517,-11,3,NA,6.6147256,74,118.8864769,249.9587996,11.51800646,252.5586313,93.78761132,158.8462167,185961,339420.619,1910038,21,Yes
Spalerosophis dolichospilus,Colubridae,Spalerosophis_dolichospilus,13.3965802,31,4,NA,7.313220387,91,327.079962,702.5591782,66.1107245,195.4822465,7.224547207,10.33344499,99975,797405.7778,4629416,9,Yes
Spalerosophis microlepis,Colubridae,Spalerosophis_microlepis,12.9242002,32,3,NA,7.495541944,149,652.1788815,1304.276792,82.67430721,169.2115567,20.56402119,22.94227585,261896.5,508461.5,1847461,6,Yes
Stegonotus florensis,Colubridae,Stegonotus_florensis,9.542273752,-9,1,NA,NA,97,188.1341223,504.4615385,12.06822997,234.2649573,95.67326868,146.3952991,39281,39281,39281,1,Yes
Stenorrhina degenhardtii,Colubridae,Stenorrhina_degenhardtii,13.08373481,11,7,NA,6.476972363,168,186.5776334,210.5760112,14.91564761,255.7564505,125.832709,190.9137029,20021,31987,148595,44,Yes
Storeria occipitomaculata,Natricidae,Storeria_occipitomaculata,14.9703929,41,3,9.75,6.01615716,175,139.2091413,266.755112,91.86920365,95.25025119,23.28474269,86.70897488,166477,211990.4595,640109,37,Yes
Suta flagellum,Elapidae,Suta_flagellum,12.33187676,-36,3,NA,5.991464547,136,222.7034543,268.9669523,39.73760616,141.496736,20.07732961,49.40626275,197880,168299.8889,376487,9,Yes
Suta nigriceps,Elapidae,Suta_nigriceps,14.72748398,-32,3,NA,6.214608098,151,150.6644108,266.4445614,48.80178554,175.0215789,18.98317169,32.98791423,181853.5,198165.4091,583394,22,Yes
Symphimus leucostomus,Colubridae,Symphimus_leucostomus,9.967020881,17,1,NA,6.684611728,145,290.9021852,403.0967742,19.72065412,252.780914,83.02020465,85.77419355,26050,46182.38462,148595,13,Yes
Symphimus mayae,Colubridae,Symphimus_mayae,11.69357896,20,3,3,6.8134446,78,52.43185185,57.48888889,17.61872728,256.5391204,54.18454132,96.96782407,49623,59436,148595,5,Yes
Synophis lasallei,Dipsadidae,Synophis_lasallei,4.109817569,5,1,NA,6.620073207,64,0,1817,2.222222222,182.3333333,44.26388889,137.0833333,104598,104598,104598,1,Yes
Tachymenis chilensis,Dipsadidae,Tachymenis_chilensis,11.86532729,-36,4,NA,6.551080335,177,210.6119548,356.9416342,32.72137789,128.1305123,71.06822839,82.75243191,198389.5,198389.5,248398,2,Yes
Taeniophallus affinis,Dipsadidae,Taeniophallus_affinis,13.59628308,-21,2,NA,6.173786104,156,290.2001579,568.7758826,27.82317614,205.8527701,55.84681715,113.2691062,109305,324603.7692,1910038,13,Yes
Taeniophallus nebularis,Dipsadidae,Taeniophallus_nebularis,6.053922781,11,1,NA,6.214608098,9,131.0625,295.25,9.470703125,250.09375,55.23697917,128.2708333,9771,9771,14282,2,Yes
Tantilla bairdi,Colubridae,Tantilla_bairdi,4.902047354,15,2,NA,5.834810737,73,101.5,1600.5,11.25347222,171.4583333,90.45486111,190.9583333,148595,148595,148595,1,Yes
Tantilla boipiranga,Colubridae,Tantilla_boipiranga,8.55391463,-20,2,2,5.746203191,11,223.3265306,751.7857143,19.555839,208.1547619,74.75340136,110.0238095,229241,721864,1910038,3,Yes
Tantilla johnsoni,Colubridae,Tantilla_johnsoni,5.900206922,16,1,NA,5.857933154,15,150.5,1931.5,11.06597222,174.2916667,91.16666667,116.1666667,62458,62458,110942,2,Yes
Tantilla moesta,Colubridae,Tantilla_moesta,10.75711316,21,3,2,5.857933154,151,32.96182479,35.11184211,17.3791443,256.2516447,53.23992959,94.59703947,59552.5,73589.5,148595,4,Yes
Tantilla nigra,Colubridae,Tantilla_nigra,10.12759064,6,1,NA,5.857933154,100,69.40589229,109.0273973,5.489460186,261.4372146,135.0384218,502.5684932,73305,55857.33333,80806,3,Yes
Tantilla robusta,Colubridae,Tantilla_robusta,4.761241877,20,2,NA,5.857933154,12,506.75,963.25,29.40451389,199.1041667,115.3819444,204.5416667,68946,57333,98111,3,Yes
Tantilla sertula,Colubridae,Tantilla_sertula,6.159955505,18,1,NA,5.857933154,14,310.5,508.5,13.39236111,254.7916667,95.32638889,93.70833333,51627.5,51627.5,60973,2,Yes
Tantilla slavensi,Colubridae,Tantilla_slavensi,8.34749564,18,2,NA,5.857933154,29,183.4911243,293.3846154,20.80604865,242.5641026,118.2785996,183.9615385,26658,59714.33333,148595,3,Yes
Tantilla vermiformis,Colubridae,Tantilla_vermiformis,10.90394844,12,3,NA,5.857933154,153,131.787431,169.7950311,11.20488053,261.3483437,114.3145578,143.5305383,14762.5,35665.75,110942,8,Yes
Tantilla wilcoxi,Colubridae,Tantilla_wilcoxi,12.63570991,26,3,2,5.886104031,112,382.7462805,1890.21831,40.35843971,164.7092555,39.56667124,50.91322938,87736.5,138043.75,508892,12,Yes
Telescopus rhinopoma,Colubridae,Telescopus_rhinopoma,13.8791518,31,3,NA,7.170119543,140,456.9240611,1148.026092,78.6273673,185.5568296,11.40474794,13.29515701,133647,201881.3333,580655,15,Yes
Telescopus variegatus,Colubridae,Telescopus_variegatus,14.9339843,10,2,NA,7.170119543,171,151.3340606,321.2949862,18.10648626,265.7904591,91.4415689,105.6238292,44859.5,377067.3182,3042451,22,Yes
Thamnodynastes corocoroensis,Dipsadidae,Thamnodynastes_corocoroensis,3.979029086,6,1,NA,5.214935758,18,0,170,4.069444444,265.0833333,67.05555556,210.3333333,352986,352986,476136,2,Yes
Thamnodynastes marahuaquensis,Dipsadidae,Thamnodynastes_marahuaquensis,4.787074989,4,1,NA,5.720311777,18,0,1112,2.888888889,212.8333333,94.58333333,254.0833333,145963,142158,229836,3,Yes
Thamnodynastes pallidus,Dipsadidae,Thamnodynastes_pallidus,15.53629662,-7,2,NA,6.907755279,256,100.1611808,206.7989357,9.560134877,256.8156608,87.9737721,180.0033763,180059,302713.0833,1910038,24,Yes
Thamnodynastes strigatus,Dipsadidae,Thamnodynastes_strigatus,14.50286097,-25,1,NA,6.551080335,156,288.5274561,400.2920106,32.83223357,204.6179593,45.93396885,109.4686575,260415.5,382260.6875,1910038,16,Yes
Thamnophis butleri,Natricidae,Thamnophis_butleri,12.02557542,42,6,12,6.602587892,125,39.74418935,262.6430769,85.20512242,88.97641026,14.63666798,73.42051282,218546,212291.625,407235,8,Yes
Thamnophis chrysocephalus,Natricidae,Thamnophis_chrysocephalus,11.06240284,18,6,14,6.539585956,129,452.5382081,1640.072165,26.05296864,186.2792096,92.15390628,108.3582474,51627.5,51950.7,148595,10,Yes
Thamnosophis stumpffi,Pseudoxyrhophiidae,Thamnosophis_stumpffi,7.722013285,-14,1,NA,6.593044534,133,77.44444444,115.8333333,12.23302469,255.7638889,140.2091049,164.9027778,102080,102080,198972,2,Yes
Thelotornis capensis,Colubridae,Thelotornis_capensis,15.32329884,-15,6,NA,7.090076836,165,341.0649008,914.2083,26.11075312,218.5399284,71.4377541,78.3655321,122589.5,220639.225,1179319,40,Yes
Toxicocalamus misimae,Elapidae,Toxicocalamus_misimae,5.359751073,-11,NA,NA,6.148468296,45,72.33333333,128,7.706018519,259.5833333,35.09027778,242.0833333,1608,1608,1608,1,Yes
Trachischium guentheri,Colubridae,Trachischium_guentheri,12.65838635,27,3,NA,5.991464547,124,1190.937363,1176.739046,71.86893195,188.5066537,157.7125902,164.0981013,57997,75282.64286,253509,14,Yes
Tricheilostoma bicolor,Leptotyphlopidae,Tricheilostoma_bicolor,14.61041527,14,4,NA,NA,154,75.83170377,349.6891548,29.07180319,278.4910122,47.07500642,38.07191473,257450,1054275.636,4629416,11,Yes
Trilepida joshuai,Leptotyphlopidae,Trilepida_joshuai,10.56080292,6,1,NA,NA,70,519.5158587,1529.292035,27.73254236,201.7853982,88.03487831,236.7573746,73305,57741,104598,7,Yes
Trilepida nicefori,Leptotyphlopidae,Leptotyphlops_nicefori,4.805691779,7,1,NA,NA,68,0,1631,2.333333333,195,55.63888889,151.1666667,104598,104598,104598,1,Yes
Trimeresurus brongersmai,Viperidae,Trimeresurus_brongersmai,8.63628023,0,NA,NA,6.956545443,45,25.30795848,78.23529412,3.178681276,266.4607843,53.98226644,283.4460784,132379,132379,258288,2,Yes
Trimeresurus fucatus,Viperidae,Popeia_fucata,12.36952564,6,2,NA,6.907755279,10,156.3132656,185.1095101,10.94426981,260.2618876,85.55140033,201.3191643,24000,47156.25,124944,8,No
Trimeresurus gramineus,Viperidae,Trimeresurus_gramineus,11.69741134,12,4,10.5,6.684611728,212,196.4410301,397.9039638,29.98848374,262.1613062,99.2941313,98.15883352,53099,116169.6667,340171,18,Yes
Trimetopon slevini,Dipsadidae,Trimetopon_slevini,10.18666453,9,2,1.5,5.991464547,74,435.2426036,1200.153846,25.39094346,199.8012821,109.7217291,273.0641026,22725,28677.25,58359,4,Yes
Trimorphodon biscutatus,Colubridae,Trimorphodon_biscutatus,13.61719132,29,8,13.5,7.098375639,160,455.283863,760.32291,18.49847222,248.370651,113.6793181,146.3664422,46592.5,80958.63889,508892,36,Yes
Tropidodryas serra,Dipsadidae,Tropidodryas_serra,12.74030322,-21,2,6.4,7.003065459,177,276.8964074,467.735761,26.87154563,211.5290227,52.92508779,110.4194678,106957.5,329704.4167,1910038,12,Yes
Tropidonophis dahlii,Natricidae,Tropidonophis_dahlii,10.4725868,-5,2,5,7.126890809,115,171.4,861,9.602222222,223.2166667,68.63791667,312.525,23498.5,23498.5,34916,2,Yes
Tropidonophis elongatus,Natricidae,Tropidonophis_elongatus,11.25424925,-2,NA,NA,7.056175284,149,162.7523556,221.9466667,10.21344582,258.1648148,53.60532346,220.5859259,26708,39134.71429,99493,7,Yes
Tropidonophis mairii,Natricidae,Tropidonophis_mairii,14.03377824,-17,3,8.55,6.907755279,173,132.4285809,175.6015195,31.9334816,249.795782,86.74282359,99.70175094,142788,181895.875,459496,16,Yes
Tropidonophis parkeri,Natricidae,Tropidonophis_parkeri,10.99114843,-6,1,4.83,6.835184586,26,534.6778041,1710.982659,26.7987385,181.5240848,65.35797127,264.7692678,128487,110926.75,171230,4,Yes
Tropidonophis punctiventris,Natricidae,Tropidonophis_punctiventris,9.804081496,1,NA,NA,5.547128665,119,119.2297521,263.9272727,6.645325987,253.2530303,40.41463728,180.1848485,26745,26745,26745,1,Yes
Tropidonophis statistictus,Natricidae,Tropidonophis_statistictus,12.78382581,-6,NA,NA,6.768493212,26,675.1181189,820.8955939,33.59958222,227.8417146,77.1410066,252.4873883,51871,69075.6,171230,10,Yes
Tropidophis hendersoni,Tropidophiidae,Tropidophis_hendersoni,4.788474593,21,1,NA,NA,12,19.5,63.5,15.20833333,260.125,32.72916667,84.91666667,43542,43542,65745,2,Yes
Tropidophis pardalis,Tropidophiidae,Tropidophis_pardalis,10.09359948,22,4,NA,NA,174,75.26193287,100.2467532,18.87191722,246.5335498,65.93895589,118.6634199,17859,22769.2,65745,5,Yes
Typhlops amoipira,Typhlopidae,Typhlops_amoipira,4.068864365,-11,1,NA,5.298317367,12,12.875,422.25,7.635416667,256.9583333,46.10416667,52.4375,1012349,1012349,1910038,2,Yes
Typhlops arenarius,Typhlopidae,Typhlops_arenarius,8.590514264,-20,NA,NA,NA,142,172.484375,160.0625,23.07552083,250.75,81.27083333,82.578125,95628,98379,198972,6,Yes
Typhlops biminiensis,Typhlopidae,Typhlops_biminiensis,8.597897219,25,4,NA,5.598421959,59,1.52,5.3,22.66666667,250.7083333,48.52541667,85.71666667,12364.5,12364.5,17859,2,Yes
Typhlops bothriorhynchus,Typhlopidae,Typhlops_bothriorhynchus,12.48918555,24,NA,NA,NA,150,393.405443,585.928655,37.980473,223.8460039,132.8006555,162.4007797,69764.5,109040.3571,435869,14,Yes
Typhlops canlaonensis,Typhlopidae,Typhlops_canlaonensis,4.5051432,10,NA,NA,NA,97,136.2222222,470.3333333,8.217592593,248.8055556,78.15740741,197.1666667,34856,34856,34856,1,Yes
Typhlops capitulatus,Typhlopidae,Typhlops_capitulatus,8.238642606,18,2,NA,5.587248658,50,148.661157,359.2727273,13.38716713,244.1893939,59.31083563,123.7424242,15446,18261.4,45814,5,Yes
Typhlops conradi,Typhlopidae,Typhlops_conradi,5.22176019,1,2,NA,NA,139,138.5,513.5,7.732638889,237.4166667,52.97395833,202.5416667,95641,95641,115810,2,Yes
Typhlops diardii,Typhlopidae,Typhlops_diardii,14.92856144,16,14,NA,6.063785209,175,338.1657687,377.7615278,31.15891568,244.9806712,117.7502021,162.9014211,43042,83449.59259,435869,54,Yes
Typhlops etheridgei,Typhlopidae,Typhlops_etheridgei,8.035350152,21,1,NA,NA,12,26.5,384,46.0625,264.8958333,4.520833333,4.958333333,257450,257450,257450,1,Yes
Typhlops hectus,Typhlopidae,Typhlops_hectus,8.386496611,18,4,NA,5.468060141,40,194.4285714,362,15.9350907,240.4940476,61.98937075,155.6785714,16652.5,22669.75,45814,4,Yes
Typhlops hypomethes,Typhlopidae,Typhlops_hypomethes,7.283455097,18,1,NA,NA,23,10.88888889,39.66666667,11.44444444,254,34.6712963,153.1388889,7504,8878,17859,3,Yes
Typhlops hypsobothrius,Typhlopidae,Typhlops_hypsobothrius,12.9703095,0,2,NA,NA,97,340.2365753,308.2996016,19.04796573,253.3160691,62.25416634,217.3625498,54949,79341.5,258288,6,Yes
Typhlops jamaicensis,Typhlopidae,Typhlops_jamaicensis,8.9581503,18,6,NA,6.098074282,212,103.4704142,229.8076923,11.74685651,245.9967949,66.32125247,148.5064103,10084.5,10084.5,17859,2,Yes
Typhlops koshunensis,Typhlopidae,Typhlops_koshunensis,7.905530141,22,2,NA,NA,98,640.8162901,725.3965517,42.348659,200.0416667,165.6269322,211.7356322,17946,17946,33322,2,Yes
Typhlops luzonensis,Typhlopidae,Typhlops_luzonensis,11.68497781,15,NA,NA,NA,95,268.2172994,345.9361111,17.35705054,253.4979167,119.8252491,210.5002315,21564.5,36264.5,94877,4,Yes
Typhlops manni,Typhlopidae,Typhlops_manni,4.785781949,8,NA,NA,5.823045895,73,219.8888889,369.8333333,10.89197531,246.2777778,130.7746914,199.5555556,117575,117575,204226,2,Yes
Typhlops meszoelyi,Typhlopidae,Typhlops_meszoelyi,7.743703258,27,2,NA,5.164785974,15,766.2469136,1926.222222,50.6819273,144.9351852,173.6371742,182.3703704,76125,69123.2,121014,5,Yes
Typhlops pammeces,Typhlopidae,Typhlops_pammeces,10.25184954,10,2,NA,NA,150,35.90564668,52.39759036,19.08882921,286.9779116,55.99633474,81.40060241,53678.5,113351.25,339068,4,Yes
Typhlops reticulatus,Typhlopidae,Typhlops_reticulatus,16.07043889,-6,7,NA,6.253828812,256,186.2281423,299.9698887,14.06475151,252.7503564,93.81175494,158.8893915,104510,203235.234,1910038,47,Yes
Typhlops schmutzi,Typhlopidae,Typhlops_schmutzi,8.374216209,-8,1,NA,NA,34,77.43801653,272.8181818,7.15610652,246.9393939,79.86639118,121.0681818,39281,39281,39281,1,Yes
Typhlops siamensis,Typhlopidae,Typhlops_siamensis,12.80785535,13,NA,NA,NA,150,116.6596594,138.9717411,14.09481719,266.18976,109.4711158,147.6943178,38858,73280.81818,318937,11,Yes
Typhlops sulcatus,Typhlopidae,Typhlops_sulcatus,9.528459502,18,6,NA,5.765191103,146,296.5548945,477.7906977,22.06417884,236.1453488,58.06019019,109.4825581,15446,18261.4,45814,5,Yes
Typhlops syntherus,Typhlopidae,Typhlops_syntherus,7.342727408,18,2,NA,5.342334252,49,77.68,226.6,10.68333333,251.25,44.77111111,87.06666667,17859,26373,45814,3,Yes
Typhlops tenuicollis,Typhlopidae,Typhlops_tenuicollis,10.31404968,26,2,NA,NA,150,286.7842057,1281.363636,37.03170453,181.2786195,133.3321005,171.6144781,55193.5,58157,135245,6,Yes
Typhlops tenuis,Typhlopidae,Typhlops_tenuis,10.9588478,17,6,NA,5.768320996,154,239.8021332,290.8941799,19.73691946,248.3068783,120.4306866,208.643739,21905.5,49126,148595,10,Yes
Ungaliophis continentalis,Tropidophiidae,Ungaliophis_continentalis,9.017821802,14,2,NA,NA,134,296.5277778,992.3333333,17.98328993,215.21875,72.6556713,101.1388889,67773,59078,110942,5,Yes
Uropeltis arcticeps,Uropeltidae,Uropeltis_arcticeps,10.9884116,10,2,NA,NA,139,302.175981,886.6206897,20.47448474,229.795977,95.08085612,156.5258621,29503.5,40869.25,81925,4,Yes
Uropeltis ocellatus,Uropeltidae,Uropeltis_ocellatus,11.61343122,12,2,NA,5.908082938,151,345.5,778.5,25.66593013,235.1755051,107.5907943,153.3396465,35331,100729.6,340171,5,Yes
Uropeltis petersi,Uropeltidae,Uropeltis_petersi,8.119270597,10,1,NA,NA,136,233.76,1466.8,17.8,194.8666667,88.92722222,163.6833333,23676,42715.33333,81925,3,Yes
Uropeltis pulneyensis,Uropeltidae,Uropeltis_pulneyensis,9.559919198,10,3,NA,NA,151,0,1801,11.08333333,175.5,63.72222222,141.6666667,23110.5,23110.5,23676,2,Yes
Uropeltis rubromaculatus,Uropeltidae,Uropeltis_rubromaculatus,8.613121344,11,2,NA,5.703782475,147,299.8779586,945.4807692,22.48009122,228.0064103,81.87870336,116.6522436,23676,42715.33333,81925,3,Yes
Uropeltis smithi,Uropeltidae,Uropeltis_smithi,8.119270597,10,1,NA,NA,48,339.7024793,1213.727273,21.962236,209.9924242,98.28856749,164.2272727,23676,42715.33333,81925,3,Yes
Uropeltis woodmasoni,Uropeltidae,Uropeltis_woodmasoni,9.832850473,10,2,NA,NA,138,336.2716049,1043.444444,21.47530864,220.1805556,82.87568587,150.7962963,29503.5,40869.25,81925,4,Yes
Urotheca dumerilli,Dipsadidae,Urotheca_dumerilli,5.351312914,4,2,NA,5.703782475,174,13,33,3.25,257.25,138.28125,598.7083333,43383,43383,73305,2,Yes
Urotheca guentheri,Dipsadidae,Urotheca_guentheri,11.81975554,12,2,NA,5.703782475,76,355.9434814,422.7578125,19.934611,242.59375,114.4916628,268.6829427,26658,39627.90909,110942,11,Yes
Vermicella snelli,Elapidae,Vermicella_snelli,12.10709726,-22,1,2,6.684611728,46,182.2082337,358.0139373,48.2265146,256.733885,18.9345749,26.46399535,403136,451588,820767,4,Yes
Xenocalamus michellii,Atractaspididae,Xenocalamus_michellii,8.827214377,-9,NA,NA,5.991464547,103,107.537415,700.8571429,10.27147896,242.8769841,67.09397833,84.73412698,1179319,1179319,1179319,1,Yes
Xenodon neuwiedii,Dipsadidae,Xenodon_neuwiedii,14.38173872,-20,3,NA,6.652863029,151,224.3950004,588.7494098,27.16670282,210.0101991,56.31988722,104.0913383,229241,376440.5385,1910038,13,Yes
Xenopeltis unicolor,Xenopeltidae,Xenopeltis_unicolor,15.09978327,10,9,NA,7.13089883,187,410.7510395,467.5968392,32.74707431,238.9686274,102.8185032,174.7008614,44074,90801.98361,662292,61,Yes
Xenophidion acanthognathus,Xenophiidae,Xenophidion_acanthognathus,5.33821093,4,1,NA,NA,19,592,1252,32.875,206.2083333,27.70138889,185.5416667,59699,59699,115078,2,Yes
Xenopholis scalaris,Dipsadidae,Xenopholis_scalaris,15.99184398,-9,1,NA,5.991464547,153,172.7294072,295.4467663,14.25049864,251.7641537,91.68480261,157.0747185,158232,260736.6944,1910038,36,Yes
Zamenis lineatus,Colubridae,Zamenis_lineatus,11.28422647,40,7,NA,NA,216,235.1404347,436.5451505,52.539911,145.5680045,23.67846184,54.696767,50615.5,54137.75,102225,4,Yes
